candidate_id,score,short_penalty_sum,short_excess_sum,long_diff_2y_vs_OV,trail_scale,threshold_scale,stop_pct,rv_gate,shock_drop_pct,shock_hold_days,dd_trigger_pct,dd_window_days,reentry_pos_days,defensive_symbol,1m_ret,1m_mdd,2m_ret,2m_mdd,3m_ret,3m_mdd,4m_ret,4m_mdd,5m_ret,5m_mdd,6m_ret,6m_mdd,1y_ret,1y_mdd,2y_ret,2y_mdd
HYB-0131,-643.2537088631309,643.2537088631309,0.0,37.240300000000275,1.1,1.2,4.7,77.5,7.0,1,0.0,20,1,SOXS,68.7363120333643,10.01,121.95378432610488,26.59,120.58465820262474,27.2,132.3364485540918,27.2,282.5239166982815,27.2,301.8788785007118,27.2,675.0498892180342,32.54,886.1107000000001,55.64
HYB-0003,-655.9753610745088,643.2538010745092,0.0,-10.601299999999696,1.1,1.2,4.7,75.0,7.0,1,0.0,20,1,SOXS,68.73631883384492,10.01,121.95380663432624,26.59,120.58463553788879,27.2,132.33643860066607,27.2,282.52387642396275,27.2,301.8789089504203,27.2,675.0498103407259,35.81,838.2691000000001,57.59
HYB-0115,-655.9753610745088,643.2538010745092,0.0,-10.601299999999696,1.1,1.2,4.7,72.5,7.0,1,0.0,20,1,SOXS,68.73631883384492,10.01,121.95380663432624,26.59,120.58463553788879,27.2,132.33643860066607,27.2,282.52387642396275,27.2,301.8789089504203,27.2,675.0498103407259,35.81,838.2691000000001,57.59
HYB-0130,-674.749776332274,674.749776332274,0.0,48.38220000000024,1.1,1.2,4.7,77.5,6.0,1,0.0,20,1,SOXS,68.73632431400762,10.01,121.95379366953149,25.97,122.46665295471084,26.58,134.31868715147465,26.58,285.7876546724962,26.58,279.5973024586117,26.58,658.7074048432376,30.31,897.2526,56.28
HYB-0114,-674.7499727883494,674.7499727883494,0.0,0.0,1.1,1.2,4.7,72.5,6.0,1,0.0,20,1,SOXS,68.73630719679508,10.01,121.9537828639972,25.97,122.46661724372868,26.58,134.31872588274163,26.58,285.78757968374106,26.58,279.59735581731394,26.58,658.7072549196772,33.69,848.8703999999998,58.2
HYB-0002,-674.7499727883494,674.7499727883494,0.0,0.0,1.1,1.2,4.7,75.0,6.0,1,0.0,20,1,SOXS,68.73630719679508,10.01,121.9537828639972,25.97,122.46661724372868,26.58,134.31872588274163,26.58,285.78757968374106,26.58,279.59735581731394,26.58,658.7072549196772,33.69,848.8703999999998,58.2
HYB-0051,-690.3216992974895,690.3216992974895,0.0,13.442600000000198,1.1,1.15,4.7,75.0,7.0,1,0.0,20,1,SOXS,68.73631655157637,10.01,121.95382693924435,26.59,120.58462502610281,27.2,126.23330514565087,27.2,272.4755763365279,27.2,291.32206350774845,27.2,654.6901835920038,32.39,862.313,57.67
HYB-0035,-695.8211270686854,661.2919670686856,0.0,-28.774299999999812,1.12,1.2,4.7,75.0,7.0,1,0.0,20,1,SOXS,68.3226605959756,10.01,121.13814162418612,26.59,119.50443937145265,27.2,131.10414801177,27.2,280.33937610188724,27.2,299.0936748524375,27.2,665.5231887699493,36.2,820.0961,57.79
HYB-0019,-711.0435709125421,679.2510109125423,0.0,-26.49379999999985,1.08,1.2,4.7,75.0,7.0,1,0.0,20,1,SOXS,65.36459659265708,10.01,117.78573533356251,26.59,116.70793870374166,27.2,128.34659158567015,27.2,276.1087415695517,27.2,295.6240909615359,27.2,667.1288907370829,35.41,822.3765999999999,57.36
HYB-0034,-714.5447135812874,692.4786335812876,0.0,-18.38839999999982,1.12,1.2,4.7,75.0,6.0,1,0.0,20,1,SOXS,68.3226401315348,10.01,121.13812404698439,25.97,121.37724768869829,26.58,133.07587198489048,26.58,283.5844922508662,26.58,276.96655364878677,26.58,649.3740330632957,34.09,830.482,58.41
HYB-0050,-720.9408506119306,720.9408506119306,0.0,24.31560000000036,1.1,1.15,4.7,75.0,6.0,1,0.0,20,1,SOXS,68.73631121720763,10.01,121.95381004521929,25.97,122.46661695461407,26.58,128.1634988949197,26.58,275.653504451396,26.58,269.62583012235586,26.58,638.7771740987009,30.16,873.1860000000001,58.28
HYB-0018,-729.62303094329,710.3474309432904,0.0,-16.062999999999647,1.08,1.2,4.7,75.0,6.0,1,0.0,20,1,SOXS,65.36461384885746,10.01,117.78572417498086,25.97,118.55684740809056,26.58,130.29478140068386,26.58,279.31751853163644,26.58,273.6893235387554,26.58,650.9613565500491,33.27,832.8074000000001,57.99
HYB-0067,-768.4118647612146,644.9163847612147,0.0,-102.91289999999992,1.1,1.25,4.7,75.0,7.0,1,0.0,20,1,SOXS,68.73631691149956,10.01,121.95383233300414,26.59,120.58463078900776,27.2,132.3364609699079,27.2,282.5239711238675,27.2,307.1529195919218,27.2,668.1130799159209,37.03,745.9574999999999,58.67
HYB-0066,-788.2070412750236,676.4655612750239,0.0,-93.11789999999974,1.1,1.25,4.7,75.0,6.0,1,0.0,20,1,SOXS,68.73632194737019,10.01,121.95382077180827,25.97,122.46660476008256,26.58,134.31869659219603,26.58,285.7875949645568,26.58,284.46358332940224,26.58,652.1254127559042,34.95,755.7525,59.27
HYB-0082,-789.5276514861323,785.9193714861327,0.0,-3.006899999999632,1.1,1.2,4.2,75.0,6.0,1,0.0,20,1,SOXS,71.74962771618291,12.62,104.1485915491438,25.04,107.18757693989294,25.66,119.37059847415705,25.66,263.61366508193834,25.66,259.6563607333942,25.66,634.6718044155022,31.93,845.8635000000002,57.26
HYB-0083,-801.0969351862389,769.939535186239,0.0,-25.964499999999816,1.1,1.2,4.2,75.0,7.0,1,0.0,20,1,SOXS,71.74962789989641,13.46,104.14862119269897,25.76,105.19872732689733,26.37,117.26480217352871,26.37,260.123266022827,26.37,278.3447880048784,26.37,639.5482285893783,34.02,822.9059,56.97
HYB-0099,-886.7484975939154,753.1253775939157,0.0,-111.35259999999982,1.1,1.2,5.2,75.0,7.0,1,0.0,20,1,SOXS,65.07595303467211,10.57,117.1389652063917,27.27,113.81416969361528,27.87,124.02371203814981,27.87,263.79351909647335,27.87,281.7212505059123,27.87,627.6246492272139,39.46,737.5178,58.75
HYB-0098,-926.9841256581387,790.1384056581389,0.0,-114.03809999999987,1.1,1.2,5.2,75.0,6.0,1,0.0,20,1,SOXS,65.07594425600254,10.57,117.1389846414185,26.59,115.79471964444359,27.2,126.09886486403039,27.2,267.16341174323304,27.2,258.74362940999526,27.2,606.1636361790819,37.82,734.8322999999999,59.58
HYB-0129,-1057.17056302114,776.4683630211401,0.0,-233.91849999999977,1.1,1.2,4.7,77.5,5.0,1,0.0,20,1,SOXS,68.73633940234998,10.01,121.95382801425816,25.97,116.95293230855879,26.58,128.44271150026026,26.58,276.11310666127974,26.58,270.07822375347723,26.58,587.5720917350199,29.61,614.9519,52.94
HYB-0001,-1098.7948392194508,776.469079219451,0.0,-268.60479999999984,1.1,1.2,4.7,75.0,5.0,1,0.0,20,1,SOXS,68.73629397863988,10.01,121.9538209603781,25.97,116.95290611361023,26.58,128.4426295569943,26.58,276.11309507025317,26.58,270.0780342166766,26.58,587.5717372803409,33.02,580.2656,55.01
HYB-0049,-1121.5393317838432,820.1324517838434,0.0,-251.1723999999998,1.1,1.15,4.7,75.0,5.0,1,0.0,20,1,SOXS,68.73631447102456,10.01,121.95379708459338,25.97,116.95291141255812,26.58,122.44185553448847,26.58,266.2331731463231,26.58,260.3568146990054,26.58,569.5102782645077,29.45,597.698,55.1
HYB-0113,-1122.066440824172,776.4686008241724,0.0,-287.99819999999977,1.1,1.2,4.7,72.5,5.0,1,0.0,20,1,SOXS,68.73632901215008,10.01,121.95383340705237,25.97,116.95291277036132,26.58,128.44263252753422,26.58,276.1131630916676,26.58,270.07812902488797,26.58,587.5719957385181,33.02,560.8722,55.01
HYB-0033,-1130.3364932990905,792.7912532990908,0.0,-281.28769999999975,1.12,1.2,4.7,75.0,5.0,1,0.0,20,1,SOXS,68.32267253710143,10.01,121.13815563481313,25.97,115.89051648196707,26.58,127.2310215824008,26.58,273.9653227243038,26.58,267.51346694302464,26.58,579.4651871936425,33.41,567.5827,55.22
HYB-0017,-1147.9324784009273,811.1852384009275,0.0,-280.6226999999998,1.08,1.2,4.7,75.0,5.0,1,0.0,20,1,SOXS,65.36458159338017,10.01,117.78567990267157,25.97,113.14002829756586,26.58,124.51964557860249,26.58,269.8054537153609,26.58,264.3181761185275,26.58,580.1987927893082,32.61,568.2477,54.79
HYB-0081,-1148.0997902798013,880.0752302798015,0.0,-223.35379999999975,1.1,1.2,4.2,75.0,5.0,1,0.0,20,1,SOXS,71.74962105869677,12.62,104.14861003442732,25.04,102.05250571401439,25.66,113.86938495166312,25.66,254.49536747942213,25.66,250.63729467889274,25.66,569.2895821994261,27.28,625.5166,52.58
HYB-0065,-1180.1828595682477,777.717259568248,0.0,-335.3879999999998,1.1,1.25,4.7,75.0,5.0,1,0.0,20,1,SOXS,68.7363198639289,10.01,121.95383589561395,25.97,116.95286877564341,26.58,128.4426947999961,26.58,276.11321363169026,26.58,274.822450645434,26.58,581.5789532157895,35.25,513.4824,56.35
HYB-0085,-1316.8170664078864,1190.2627864078868,0.0,-105.46189999999967,1.1,1.2,4.2,75.0,6.0,2,0.0,20,1,SOXS,76.6699002057637,23.48,81.0321864428135,24.73,93.97200244520934,24.73,99.21032349739325,24.73,203.16188839844145,28.41,182.05453623665323,37.52,419.953972762183,37.52,743.4085000000001,60.94
HYB-0097,-1322.6350421447,888.9202421447002,0.0,-361.4289999999998,1.1,1.2,5.2,75.0,5.0,1,0.0,20,1,SOXS,65.07594391410363,10.57,117.1390234977101,26.59,110.44634480031038,27.2,120.42895438335277,27.2,257.9558832490403,27.2,249.74744227251944,27.2,536.6037621346072,37.42,487.4414,56.65
HYB-0005,-1508.967432921352,1255.3234329213522,0.0,-211.36999999999978,1.1,1.2,4.7,75.0,6.0,2,0.0,20,1,SOXS,61.15486023128496,23.83,73.19464930979326,23.83,91.38942679741173,23.83,95.53206167303236,23.83,197.5643313561623,28.79,175.4017970004186,37.84,396.7570371068886,37.84,637.5004,64.12
HYB-0117,-1508.967432921352,1255.3234329213522,0.0,-211.36999999999978,1.1,1.2,4.7,72.5,6.0,2,0.0,20,1,SOXS,61.15486023128496,23.83,73.19464930979326,23.83,91.38942679741173,23.83,95.53206167303236,23.83,197.5643313561623,28.79,175.4017970004186,37.84,396.7570371068886,37.84,637.5004,64.12
HYB-0133,-1526.4656157591207,1255.323575759121,0.0,-225.95169999999985,1.1,1.2,4.7,77.5,6.0,2,0.0,20,1,SOXS,61.15484107409408,23.83,73.19462628997191,23.83,91.38939440550627,23.83,95.53208966709012,23.83,197.5642675267776,28.79,175.4016916822764,37.84,396.7571099915067,37.84,622.9187,65.0
HYB-0037,-1533.694196032535,1266.4210760325352,0.0,-222.72759999999982,1.12,1.2,4.7,75.0,6.0,2,0.0,20,1,SOXS,60.75978820188788,23.89,72.62874716145747,23.89,90.53010216544995,23.89,94.57452828975295,23.89,195.9860204679328,28.82,173.82901722634077,37.84,391.58831685098727,37.84,626.1428,64.23
HYB-0021,-1544.1972813686286,1284.485121368629,0.0,-216.42679999999973,1.08,1.2,4.7,75.0,6.0,2,0.0,20,1,SOXS,57.934655084043875,23.77,69.87271900772778,23.77,87.94894066899579,23.77,92.09564555794772,23.77,192.4542977521809,28.76,170.78298353734507,37.84,390.74323341947405,37.84,632.4436000000001,64.01
HYB-0053,-1565.4516772824281,1288.5599572824283,0.0,-230.7430999999998,1.1,1.15,4.7,75.0,6.0,2,0.0,20,1,SOXS,61.15485358153663,23.83,73.19463336516847,23.83,91.38940333070462,23.83,90.39570895512492,23.83,189.7477341749322,28.79,168.1673784787896,37.84,383.7079272276594,37.84,618.1273,64.12
HYB-0069,-1616.4629046153823,1265.8663446153828,0.0,-292.1637999999997,1.1,1.25,4.7,75.0,6.0,2,0.0,20,1,SOXS,61.154875223404744,23.83,73.19463484439541,23.83,91.38939963436164,23.83,95.53207593011533,23.83,197.5643198274534,28.79,175.4017965729239,37.84,386.2141497483069,37.84,556.7066000000001,64.12
HYB-0101,-1664.5126342460303,1326.2740342460306,0.0,-281.86549999999977,1.1,1.2,5.2,75.0,6.0,2,0.0,20,1,SOXS,56.12146113634056,26.79,66.06078576797323,26.79,81.94961260293243,26.79,84.91270354802458,26.79,181.40353941455837,26.79,169.98563055551062,35.57,379.60982912497377,35.57,567.0049,65.37
HYB-0084,-1864.1815416271206,1362.012261627121,0.0,-418.4743999999998,1.1,1.2,4.2,75.0,5.0,2,0.0,20,1,SOXS,76.66987432828134,23.48,81.03216416983294,24.73,79.3296051608366,24.73,84.11726664331627,24.73,180.1929457829957,28.41,160.68476466928075,37.52,322.27871401467957,37.52,430.396,60.15
HYB-0142,-1872.261870256423,1306.2968702564233,0.0,-471.63749999999976,1.1,1.2,4.7,77.5,7.0,1,25.0,20,1,SOXS,53.07392107485638,15.44,101.35168888330087,26.59,100.10965018028335,27.2,110.77059785030579,27.2,143.75019472622643,27.2,156.08338556244314,27.2,374.88128786250485,42.68,377.23290000000003,56.39
HYB-0126,-1883.356833406894,1306.2965134068945,0.0,-480.8835999999998,1.1,1.2,4.7,72.5,7.0,1,25.0,20,1,SOXS,53.073928942909674,15.44,101.35167578368028,26.59,100.10963580729411,27.2,110.77059090841534,27.2,143.75023438183615,27.2,156.0834111272475,27.2,374.8816060380667,43.79,367.9868,57.02
HYB-0014,-1883.356833406894,1306.2965134068945,0.0,-480.8835999999998,1.1,1.2,4.7,75.0,7.0,1,25.0,20,1,SOXS,53.073928942909674,15.44,101.35167578368028,26.59,100.10963580729411,27.2,110.77059090841534,27.2,143.75023438183615,27.2,156.0834111272475,27.2,374.8816060380667,43.79,367.9868,57.02
HYB-0141,-1884.416795367804,1324.9224353678044,0.0,-466.24529999999976,1.1,1.2,4.7,77.5,6.0,1,25.0,20,1,SOXS,53.073975352121614,15.44,101.35168962245812,25.97,101.81696913941627,26.58,112.56887979031389,26.58,145.82979540547325,26.58,141.8853344720298,26.58,364.86851724672687,40.78,382.62510000000003,54.94
HYB-0125,-1895.6378488703326,1324.922768870333,0.0,-475.59589999999986,1.1,1.2,4.7,72.5,6.0,1,25.0,20,1,SOXS,53.07395070125749,15.44,101.35167733325052,25.97,101.81696223734234,26.58,112.56882584092276,26.58,145.82980991184348,26.58,141.8853147310625,26.58,364.8682867703321,41.93,373.27449999999993,55.6
HYB-0013,-1895.6378488703326,1324.922768870333,0.0,-475.59589999999986,1.1,1.2,4.7,75.0,6.0,1,25.0,20,1,SOXS,53.07395070125749,15.44,101.35167733325052,25.97,101.81696223734234,26.58,112.56882584092276,26.58,145.82980991184348,26.58,141.8853147310625,26.58,364.8682867703321,41.93,373.27449999999993,55.6
HYB-0110,-1897.4744221722453,1280.3824621722454,0.0,-514.2432999999999,1.1,1.2,5.2,75.0,7.0,1,25.0,20,1,SOXS,58.23535258325132,11.22,108.14098493490371,27.27,104.95390710875978,27.87,114.74042288280674,27.87,147.29201966833304,27.87,159.47855584650048,27.87,373.09389119954363,47.53,334.6271,58.23
HYB-0046,-1904.1317819692201,1317.9269819692204,0.0,-488.5039999999998,1.12,1.2,4.7,75.0,7.0,1,25.0,20,1,SOXS,52.6986919493656,15.44,100.61172740436804,26.59,99.12971713211518,27.2,109.65264979030928,27.2,142.45736146690032,27.2,154.4127025530443,27.2,369.42776413102115,43.98,360.3664,57.16
HYB-0030,-1914.1976090320197,1333.78448903202,0.0,-483.6775999999998,1.08,1.2,4.7,75.0,7.0,1,25.0,20,1,SOXS,50.01520491484763,15.44,97.57050768591749,26.59,96.59278968302938,27.2,107.15109840319302,27.2,139.5642458733493,27.2,151.99470001224245,27.2,369.64456079174494,43.59,365.1928,56.88
HYB-0045,-1916.3482530745855,1336.3792530745857,0.0,-483.3074999999998,1.12,1.2,4.7,75.0,6.0,1,25.0,20,1,SOXS,52.69864541309981,15.44,100.61175085620127,25.97,100.82861345607172,26.58,111.44140866806276,26.58,144.5259070527921,26.58,140.30727302289446,26.58,359.5247448526364,42.12,365.5629,55.74
HYB-0109,-1922.5413890540217,1303.7771090540218,0.0,-515.6368999999999,1.1,1.2,5.2,75.0,6.0,1,25.0,20,1,SOXS,58.23534482191863,11.22,108.14103876062843,26.59,106.85238652049338,27.2,116.72955773480096,27.2,149.5827646815848,27.2,143.8593785443982,27.2,359.14001627849797,46.11,333.23349999999994,57.1
HYB-0029,-1926.265623481122,1352.1653434811224,0.0,-478.4168999999998,1.08,1.2,4.7,75.0,6.0,1,25.0,20,1,SOXS,50.01519432634607,15.44,97.57050352491376,25.97,98.27009627059442,26.58,108.91848132115251,26.58,141.60822730365786,26.58,138.02328558230653,26.58,359.7464645862508,41.72,370.45349999999996,55.46
HYB-0062,-1929.2496505390527,1337.437370539053,0.0,-493.17689999999976,1.1,1.15,4.7,75.0,7.0,1,25.0,20,1,SOXS,53.07395152757015,15.44,101.35168692436984,26.59,100.10965128957734,27.2,105.23396871049346,27.2,137.34728721254373,27.2,149.35649020125004,27.2,362.4071899914864,43.79,355.69350000000003,57.02
HYB-0061,-1941.1632672684186,1355.529547268419,0.0,-488.02809999999977,1.1,1.15,4.7,75.0,6.0,1,25.0,20,1,SOXS,53.073953044357495,15.44,101.35170265949478,25.97,101.81693013299515,26.58,106.98496667120305,26.58,139.37223536940348,26.58,135.53135606690563,26.58,352.6569051835656,41.93,360.8423,55.6
HYB-0078,-1942.8925674768052,1307.1860874768054,0.0,-529.7553999999998,1.1,1.25,4.7,75.0,7.0,1,25.0,20,1,SOXS,53.073970321294084,15.44,101.35171296565422,26.59,100.10962425522587,27.2,110.77059013150188,27.2,143.75016357022176,27.2,159.44421127696953,27.2,370.63123639867143,43.79,319.115,57.02
HYB-0077,-1955.7379847998964,1325.8547447998967,0.0,-524.9026999999999,1.1,1.25,4.7,75.0,6.0,1,25.0,20,1,SOXS,53.07395190512159,15.44,101.35167609545555,25.97,101.81691906810602,26.58,112.56883944615583,26.58,145.82982293685808,26.58,144.9861838067975,26.58,360.8354583379529,41.93,323.9676999999999,55.6
HYB-0093,-1986.4028321311584,1398.6759521311587,0.0,-489.7723999999998,1.1,1.2,4.2,75.0,6.0,1,25.0,20,1,SOXS,56.646982493744844,18.98,86.19695026641976,25.04,88.96872267947376,25.66,100.08045090860284,25.66,132.32916697662583,25.66,129.80063169170245,25.66,353.618739248616,43.09,359.098,55.26
HYB-0094,-1990.7873078540124,1389.6888278540125,0.0,-500.9153999999998,1.1,1.2,4.2,75.0,7.0,1,25.0,20,1,SOXS,56.64695677473477,19.76,86.19700957514553,25.76,87.1547942343848,26.37,98.15984789703853,26.37,130.0990552663048,26.37,141.7415124285428,26.37,356.6295923661803,44.83,347.955,56.64
HYB-0004,-2018.6368594264786,1426.2994594264787,0.0,-493.61449999999985,1.1,1.2,4.7,75.0,5.0,2,0.0,20,1,SOXS,61.154869858288194,23.83,73.19468047184428,23.83,76.54699113922038,23.83,80.31429136114632,23.83,174.40559786192438,28.79,153.96798566528983,37.84,300.43372061215206,37.84,355.25589999999994,62.62
HYB-0132,-2025.4760518561984,1426.2992518561987,0.0,-499.3139999999998,1.1,1.2,4.7,77.5,5.0,2,0.0,20,1,SOXS,61.15483513186333,23.83,73.19467682922836,23.83,76.54697798917995,23.83,80.31431319494527,23.83,174.40570692264075,28.79,153.96787017458027,37.84,300.43396429770735,37.84,349.5564,63.27
HYB-0116,-2034.2110911590544,1426.2992511590546,0.0,-506.5931999999998,1.1,1.2,4.7,72.5,5.0,2,0.0,20,1,SOXS,61.154836133192234,23.83,73.19467646600427,23.83,76.54705183557724,23.83,80.31434940794486,23.83,174.40568222146666,28.79,153.96788573325168,37.84,300.43386343985253,37.84,342.2772,62.62
HYB-0036,-2035.9245373067383,1435.8028573067386,0.0,-500.10139999999984,1.12,1.2,4.7,75.0,5.0,2,0.0,20,1,SOXS,60.7597929465709,23.89,72.62875829111883,23.89,75.75433110831568,23.89,79.43130580877012,23.89,172.95026828582937,28.82,152.51761358872687,37.84,296.47266906027363,37.84,348.76899999999995,62.7
HYB-0020,-2049.9260650865917,1453.2085450865923,0.0,-497.2645999999998,1.08,1.2,4.7,75.0,5.0,2,0.0,20,1,SOXS,57.934663590547395,23.77,69.87272874314228,23.77,73.37333102478986,23.77,77.14532947980506,23.77,169.6933322822834,28.76,149.70863092753177,37.84,295.381035261652,37.84,351.6058,62.53
HYB-0052,-2062.1225987503717,1455.434518750372,0.0,-505.57339999999976,1.1,1.15,4.7,75.0,5.0,2,0.0,20,1,SOXS,61.15484056723397,23.83,73.19462042069425,23.83,76.54700710374524,23.83,75.57770128299728,23.83,167.19736815140124,28.79,147.29662183722604,37.84,289.91491828267397,37.84,343.297,62.62
HYB-0140,-2067.084410098366,1391.0711300983662,0.0,-563.3443999999997,1.1,1.2,4.7,77.5,5.0,1,25.0,20,1,SOXS,53.07397878152595,15.44,101.3517599986212,25.97,96.81502779218549,26.58,107.23828322590458,26.58,139.66510071161125,26.58,135.81951695431033,26.58,321.28279883381924,37.67,285.526,52.57
HYB-0012,-2076.0475278110916,1391.071087811092,0.0,-570.8136999999998,1.1,1.2,4.7,75.0,5.0,1,25.0,20,1,SOXS,53.07395642905295,15.44,101.3516766670537,25.97,96.81504191063127,26.58,107.23827347073689,26.58,139.66516570867805,26.58,135.81954650842926,26.58,321.28284789067,37.97,278.0567,52.57
HYB-0068,-2087.0196070193974,1434.8139670193978,0.0,-543.5046999999997,1.1,1.25,4.7,75.0,5.0,2,0.0,20,1,SOXS,61.154855330009795,23.83,73.19464341486362,23.83,76.54700754939509,23.83,80.31431791917282,23.83,174.40561854797764,28.79,153.96784723048876,37.84,291.9193393850387,37.84,305.3657,62.62
HYB-0124,-2088.981258545387,1391.071338545387,0.0,-581.5915999999997,1.1,1.2,4.7,72.5,5.0,1,25.0,20,1,SOXS,53.07397196329846,15.44,101.3517054755694,25.97,96.81498216612935,26.58,107.23824011682295,26.58,139.66521932623627,26.58,135.81954429560494,26.58,321.28259450729564,37.97,267.2788,52.57
HYB-0044,-2093.704333654718,1401.6856936547183,0.0,-576.6821999999997,1.12,1.2,4.7,75.0,5.0,1,25.0,20,1,SOXS,52.698671495850306,15.44,100.61177211246259,25.97,95.85121150601834,26.58,106.13906243076786,26.58,138.3939094253769,26.58,134.28102024373047,26.58,316.6562555274194,37.99,272.1882,52.57
HYB-0108,-2101.5513747080454,1371.9403347080456,0.0,-608.0091999999997,1.1,1.2,5.2,75.0,5.0,1,25.0,20,1,SOXS,58.235397885002826,11.22,108.14095353940965,26.59,101.72572357885245,27.2,111.2946727721186,27.2,143.32385816080762,27.2,137.74401352554037,27.2,313.9126422265668,42.24,240.86120000000003,54.02
HYB-0028,-2105.7026065963855,1417.6682065963855,0.0,-573.3619999999999,1.08,1.2,4.7,75.0,5.0,1,25.0,20,1,SOXS,50.01518095700752,15.44,97.57048978496603,25.97,93.35601375242845,26.58,103.67938165299341,26.58,135.54941377422008,26.58,132.0542926920909,26.58,316.42461718625236,37.95,275.50839999999994,52.57
HYB-0060,-2116.965385216164,1420.0717452161643,0.0,-580.7446999999997,1.1,1.15,4.7,75.0,5.0,1,25.0,20,1,SOXS,53.073947726463764,15.44,101.35171353059063,25.97,96.81498490976598,26.58,101.79442524945719,26.58,133.36951016110308,26.58,129.62490978760087,26.58,310.2163598151982,37.97,268.1257,52.57
HYB-0076,-2123.9770709777167,1391.719910977717,0.0,-610.2142999999999,1.1,1.25,4.7,75.0,5.0,1,25.0,20,1,SOXS,53.07396731738694,15.44,101.35173460220592,25.97,96.81504194267157,26.58,107.23824595092583,26.58,139.66507647701164,26.58,138.8427566323249,26.58,317.6108624961002,38.61,238.65609999999998,52.57
HYB-0092,-2133.145966802938,1460.3351268029382,0.0,-560.6756999999998,1.1,1.2,4.2,75.0,5.0,1,25.0,20,1,SOXS,56.646974557633726,18.98,86.19701083046346,25.04,84.28526533262948,25.66,95.06300942817415,25.66,126.5030244576427,25.66,124.03801426429459,25.66,313.2491707225679,39.56,288.1947,52.49
HYB-0100,-2152.9641513882343,1499.0662713882348,0.0,-544.9148999999998,1.1,1.2,5.2,75.0,5.0,2,0.0,20,1,SOXS,56.121506831261605,26.79,66.06079316740774,26.79,66.9731623075257,26.79,69.64145855651971,26.79,158.16339964517795,26.79,147.68854761877023,35.57,282.60245688144647,35.57,303.95550000000003,63.87
HYB-0096,-2594.4380751414833,1688.0076351414837,0.0,-755.3586999999998,1.1,1.2,4.2,75.0,6.0,1,25.0,20,2,SOXS,70.2412528998646,34.1,74.42899366414848,36.05,86.89685945336696,36.05,91.94409259577031,46.83,106.57156764996611,46.83,92.18924579965258,51.41,136.03794919209156,59.47,93.51169999999998,71.04
HYB-0112,-2625.947261336995,1683.470261336995,0.0,-785.3974999999998,1.1,1.2,5.2,75.0,6.0,1,25.0,20,2,SOXS,58.10966215020299,40.76,73.87404539556258,42.14,90.51053633818837,42.14,93.61302716479851,54.03,108.36783338006985,54.03,99.91329539854156,57.55,138.45893523198532,65.66,63.47290000000001,74.34
HYB-0088,-2630.275920440985,1784.029320440985,0.0,-705.2054999999998,1.1,1.2,4.2,75.0,7.0,1,15.0,20,1,SOXS,55.793083120581535,30.61,67.85086193535055,30.61,63.03912030500805,30.61,50.78030922769807,35.69,57.2951028149357,35.69,65.25390508434117,35.69,202.27589346744392,50.3,143.66490000000002,71.14
HYB-0087,-2694.2901899538274,1829.1770699538279,0.0,-720.9275999999998,1.1,1.2,4.2,75.0,6.0,1,15.0,20,1,SOXS,55.7931313528971,32.91,67.85085213047346,32.91,57.63973462851657,32.91,45.786916050434456,35.69,52.08596881722152,35.69,50.43078216578331,35.69,187.5531412971901,51.13,127.94279999999998,71.62
HYB-0128,-2703.688688868577,1758.8204488685774,0.0,-787.3901999999998,1.1,1.2,4.7,72.5,6.0,1,25.0,20,2,SOXS,54.458663610911564,43.27,64.03171330038752,43.27,81.26388410261131,43.27,85.18732589970217,53.22,99.29995791354875,53.22,84.45604496024856,57.03,118.79955774035676,63.97,61.48020000000001,73.14
HYB-0016,-2703.688688868577,1758.8204488685774,0.0,-787.3901999999998,1.1,1.2,4.7,75.0,6.0,1,25.0,20,2,SOXS,54.458663610911564,43.27,64.03171330038752,43.27,81.26388410261131,43.27,85.18732589970217,53.22,99.29995791354875,53.22,84.45604496024856,57.03,118.79955774035676,63.97,61.48020000000001,73.14
HYB-0048,-2712.7995887508464,1765.4235887508466,0.0,-789.4799999999998,1.12,1.2,4.7,75.0,6.0,1,25.0,20,2,SOXS,54.079882760767404,43.77,63.49561130423813,43.77,80.44979310422904,43.77,84.28041908399948,53.52,98.32397438306208,53.52,83.47772234488062,57.29,116.78660466432098,64.17,59.3904,73.19
HYB-0136,-2715.859015456644,1877.0837354566443,0.0,-698.9793999999998,1.1,1.2,4.7,77.5,7.0,1,15.0,20,1,SOXS,41.244556886471216,35.5,60.441805487962256,35.5,54.08848660417809,35.5,41.019064500346204,36.62,45.751020993802285,36.62,53.125677876678836,36.62,173.56324859026105,43.45,149.891,66.46
HYB-0032,-2727.825176988554,1781.1481769885545,0.0,-788.8974999999998,1.08,1.2,4.7,75.0,6.0,1,25.0,20,2,SOXS,51.37223249414753,42.74,60.88544222831902,42.74,78.00537889856093,42.74,81.93272580254455,52.9,95.79735457441745,52.9,81.28843115878799,56.76,115.88785425101219,63.76,59.97290000000002,73.08
HYB-0064,-2729.4722818669015,1779.5137618669019,0.0,-791.6320999999998,1.1,1.15,4.7,75.0,6.0,1,25.0,20,2,SOXS,54.45866192008615,44.76,64.03167168274071,44.76,81.26371827504796,44.76,80.322666840982,53.22,94.06457616722021,53.22,79.61059581467606,57.03,113.05194382868945,63.97,57.23830000000001,73.14
HYB-0080,-2730.7185267275986,1763.4650067275988,0.0,-806.0445999999998,1.1,1.25,4.7,75.0,6.0,1,25.0,20,2,SOXS,54.45853569910681,44.87,64.03164733594345,44.87,81.26366688030255,44.87,85.18718290154565,54.54,99.29978594492617,54.54,84.45605624635158,58.24,114.15571466056905,64.99,42.8258,73.33
HYB-0144,-2731.4997542896153,1771.6569542896154,0.0,-799.8689999999998,1.1,1.2,4.7,77.5,6.0,1,25.0,20,2,SOXS,54.458575946775525,47.65,64.03161707233835,47.65,81.26382275727664,47.65,85.18715534073496,56.83,99.29991546552812,56.83,84.45607015702139,60.35,105.9634853670539,66.75,49.0014,73.8
HYB-0008,-2731.884641061126,1877.0834810611263,0.0,-712.3342999999998,1.1,1.2,4.7,75.0,7.0,1,15.0,20,1,SOXS,41.244589933693845,35.5,60.44177496812004,35.5,54.08845346815481,35.5,41.019081470953324,36.62,45.75100531278382,36.62,53.125748518499826,36.62,173.56346166301205,46.47,136.5361,68.1
HYB-0120,-2731.884641061126,1877.0834810611263,0.0,-712.3342999999998,1.1,1.2,4.7,72.5,7.0,1,15.0,20,1,SOXS,41.244589933693845,35.5,60.44177496812004,35.5,54.08845346815481,35.5,41.019081470953324,36.62,45.75100531278382,36.62,53.125748518499826,36.62,173.56346166301205,46.47,136.5361,68.1
HYB-0086,-2740.7011748791174,1861.3608548791178,0.0,-732.7835999999998,1.1,1.2,4.2,75.0,5.0,1,15.0,20,1,SOXS,55.79314078979907,34.59,67.85083433407853,34.59,53.73267378153543,34.59,42.1309500005262,35.69,48.2720550142826,35.69,46.658413657644005,35.69,170.51867393936058,44.75,116.08680000000003,67.91
HYB-0040,-2742.3535063571253,1883.5016263571256,0.0,-715.7098999999998,1.12,1.2,4.7,75.0,7.0,1,15.0,20,1,SOXS,40.9559788578576,35.68,59.983106983841836,35.68,53.45947838632266,35.68,40.385994425755925,36.62,45.09668112900857,36.62,52.25127806302521,36.62,170.6834521934066,46.6,133.16049999999996,68.16
HYB-0135,-2745.77103478974,1887.5785547897403,0.0,-715.1603999999998,1.1,1.2,4.7,77.5,6.0,1,15.0,20,1,SOXS,41.24454264592832,34.94,60.441831169143214,34.94,55.40313652216411,34.94,42.222260087033625,36.62,46.994539987156614,36.62,44.63595011913235,36.62,167.79678107604553,45.97,133.71,67.96
HYB-0024,-2754.0102706439056,1896.937870643906,0.0,-714.2269999999999,1.08,1.2,4.7,75.0,7.0,1,15.0,20,1,SOXS,38.36566477240228,35.31,57.30016652231158,35.31,51.256661378604804,35.31,38.48407462120163,36.62,43.131012632361006,36.62,50.55768545936945,36.62,170.28446036618726,46.34,134.64339999999999,68.03
HYB-0056,-2758.0820491983313,1895.8248091983319,0.0,-718.5476999999997,1.1,1.15,4.7,75.0,7.0,1,15.0,20,1,SOXS,41.24455897161037,37.19,60.441794904124045,37.19,54.08849548049397,37.19,37.31475066981294,37.19,41.92237494130797,37.19,49.10339621859783,37.19,166.37741601206505,46.47,130.32270000000003,68.1
HYB-0119,-2760.758960228921,1887.578360228921,0.0,-727.6504999999997,1.1,1.2,4.7,72.5,6.0,1,15.0,20,1,SOXS,41.24455136861449,34.94,60.44181352565279,34.94,55.40310904706143,34.94,42.222260796218734,36.62,46.99455730511186,36.62,44.63590923801648,36.62,167.79703488674733,48.86,121.2199,69.52
HYB-0007,-2760.758960228921,1887.578360228921,0.0,-727.6504999999997,1.1,1.2,4.7,75.0,6.0,1,15.0,20,1,SOXS,41.24455136861449,34.94,60.44181352565279,34.94,55.40310904706143,34.94,42.222260796218734,36.62,46.99455730511186,36.62,44.63590923801648,36.62,167.79703488674733,48.86,121.2199,69.52
HYB-0072,-2762.043435370057,1877.5625553700575,0.0,-737.0673999999998,1.1,1.25,4.7,75.0,7.0,1,15.0,20,1,SOXS,41.24456169459063,35.5,60.4418679168532,35.5,54.0885261692156,35.5,41.01914517508962,36.62,45.75108572010544,36.62,55.13532398872316,36.62,171.07453036170912,46.94,111.80300000000001,68.38
HYB-0039,-2770.882544088166,1893.9087440881663,0.0,-730.8114999999998,1.12,1.2,4.7,75.0,6.0,1,15.0,20,1,SOXS,40.95597931480284,35.13,59.982993559122335,35.13,54.76871166427952,35.13,41.58372512646569,36.62,46.33460368462272,36.62,43.80996096416341,36.62,164.97287799472144,48.98,118.0589,69.58
HYB-0023,-2782.584861186991,1907.2847011869915,0.0,-729.4167999999997,1.08,1.2,4.7,75.0,6.0,1,15.0,20,1,SOXS,38.36565385131912,34.76,57.300200842074474,34.76,52.547172762313224,34.76,39.66558453336422,36.62,44.352106802362236,36.62,42.210252578632335,36.62,164.591923839287,48.73,119.45360000000002,69.45
HYB-0055,-2786.163329950645,1906.0094099506455,0.0,-733.4615999999997,1.1,1.15,4.7,75.0,6.0,1,15.0,20,1,SOXS,41.24463305435271,36.65,60.44188985972709,36.65,55.40314068892578,36.65,38.486304945443514,36.65,43.13324070585593,36.65,40.836550626187076,36.65,160.76242656520674,48.86,115.40880000000003,69.52
HYB-0071,-2788.9053564322503,1888.058396432251,0.0,-750.7057999999997,1.1,1.25,4.7,75.0,6.0,1,15.0,20,1,SOXS,41.244585666744356,34.94,60.441836326569586,34.94,55.403104696255,34.94,42.22220627339244,36.62,46.99449376867892,36.62,46.49007836623296,36.62,165.46289486622,49.31,98.16460000000001,69.79
HYB-0134,-2802.771066497032,1918.1994664970318,0.0,-737.1429999999998,1.1,1.2,4.7,77.5,5.0,1,15.0,20,1,SOXS,41.2446331316894,36.58,60.44184375880914,36.58,51.551574193040416,36.58,38.65570487511143,36.62,43.308391288897916,36.62,41.008898994217866,36.62,151.90708365754594,42.93,111.72740000000002,66.15
HYB-0006,-2816.3499062150295,1918.19982621503,0.0,-748.4583999999998,1.1,1.2,4.7,75.0,5.0,1,15.0,20,1,SOXS,41.244526573735584,36.58,60.44178089320054,36.58,51.551494931193396,36.58,38.65571508925254,36.62,43.30835121601011,36.62,41.00879985759247,36.62,151.90710162032937,45.98,100.41199999999999,67.8
HYB-0118,-2823.205498822283,1918.1993388222834,0.0,-754.1717999999997,1.1,1.2,4.7,72.5,5.0,1,15.0,20,1,SOXS,41.244586310711306,36.58,60.441856919774395,36.58,51.55156604410984,36.58,38.655748842568684,36.62,43.30836398378035,36.62,41.00889803686971,36.62,151.90723743624645,47.52,94.69860000000001,68.72
HYB-0038,-2825.631654239581,1924.1995742395816,0.0,-751.1933999999998,1.12,1.2,4.7,75.0,5.0,1,15.0,20,1,SOXS,40.95601689101984,36.76,59.98306911878486,36.76,50.93280761577825,36.76,38.033151362546434,36.76,42.664962474821436,36.76,40.20361323415096,36.76,149.34440145966067,46.18,97.67700000000002,67.91
HYB-0022,-2837.772576759133,1937.5472167591329,0.0,-750.1877999999998,1.08,1.2,4.7,75.0,5.0,1,15.0,20,1,SOXS,38.365679520643134,36.39,57.300216376014454,36.39,48.76641103858081,36.39,36.16324572525098,36.62,40.73218310527573,36.62,38.64404437835343,36.62,148.7985994930926,45.77,98.68259999999998,67.69
HYB-0054,-2840.395099817312,1935.927619817312,0.0,-753.7228999999998,1.1,1.15,4.7,75.0,5.0,1,15.0,20,1,SOXS,41.2446041915769,38.24,60.441843505742355,38.24,51.55156935349594,38.24,35.01345308853716,38.24,39.543871968376806,38.24,37.3047261152502,38.24,145.28990835605265,45.98,95.14750000000001,67.8
HYB-0070,-2841.801364163053,1918.5873641630533,0.0,-769.3449999999998,1.1,1.25,4.7,75.0,5.0,1,15.0,20,1,SOXS,41.24458606242993,36.58,60.44180942031059,36.58,51.551558649752714,36.58,38.65577761369712,36.62,43.3083663481334,36.62,42.81654846523764,36.62,149.71158567372947,51.69,79.52540000000002,70.9
HYB-0104,-2844.495895982809,1947.9832159828093,0.0,-747.0938999999997,1.1,1.2,5.2,75.0,7.0,1,15.0,20,1,SOXS,36.59472607130698,39.56,54.37526586547436,39.56,46.89814433950383,39.56,33.03161484114783,39.56,35.779236815666636,39.56,42.470462885228734,39.56,149.1849295952064,49.36,101.77650000000003,69.06
HYB-0103,-2868.3819783782774,1960.0564983782779,0.0,-756.9378999999998,1.1,1.2,5.2,75.0,6.0,1,15.0,20,1,SOXS,36.59470623233252,39.0,54.375179966636786,39.0,48.258852119263665,39.0,34.263880737339946,39.0,37.03698943801501,39.0,33.89446939958602,39.0,141.83702012489226,50.37,91.93249999999999,69.68
HYB-0102,-2918.6577724542763,1988.4643324542767,0.0,-775.1611999999998,1.1,1.2,5.2,75.0,5.0,1,15.0,20,1,SOXS,36.59476359427289,40.53,54.37524439230741,40.53,44.58428601035924,40.53,30.89688629604035,40.53,33.600468845897666,40.53,30.536773049378894,40.53,127.26484175381074,48.97,73.70919999999998,68.82
HYB-0095,-3068.455901412939,2021.0963814129395,0.0,-872.7995999999998,1.1,1.2,4.2,75.0,6.0,1,15.0,20,2,SOXS,55.793078166056006,68.16,59.62548105372274,68.77,71.03517122448382,68.77,43.26679511010918,69.7,31.533008265034425,69.7,22.375281321838635,69.7,41.59239984215972,71.55,-23.929200000000005,78.42
HYB-0063,-3131.18544083342,2069.2020008334202,0.0,-884.9861999999998,1.1,1.15,4.7,75.0,6.0,1,15.0,20,2,SOXS,41.24454172608585,73.17,49.998473816562154,73.17,65.75646713889105,73.17,37.39955952442402,73.75,29.437103133598352,73.75,19.796651614935712,73.75,33.482798608426755,75.6,-36.1158,80.63
HYB-0015,-3131.18544083342,2069.2020008334202,0.0,-884.9861999999998,1.1,1.2,4.7,75.0,6.0,1,15.0,20,2,SOXS,41.24454172608585,73.17,49.998473816562154,73.17,65.75646713889105,73.17,37.39955952442402,73.75,29.437103133598352,73.75,19.796651614935712,73.75,33.482798608426755,75.6,-36.1158,80.63
HYB-0127,-3133.0427736385345,2069.2013736385347,0.0,-886.5344999999998,1.1,1.2,4.7,72.5,6.0,1,15.0,20,2,SOXS,41.244593085040094,73.82,49.99843590959075,73.82,65.75654999481478,73.82,37.399682156924555,74.38,29.43715842455854,74.38,19.796789450116936,74.38,33.48301373676379,76.19,-37.6641,81.1
HYB-0047,-3136.283834070496,2073.4636340704965,0.0,-885.6834999999998,1.12,1.2,4.7,75.0,6.0,1,15.0,20,2,SOXS,40.955977817138624,73.42,49.569661362786356,73.42,65.07970927407345,73.42,36.78268907308349,73.93,28.85608359436176,73.93,19.209994585385815,73.93,32.39984661901796,75.73,-36.8131,80.68
HYB-0079,-3138.570224962441,2069.2011449624415,0.0,-891.1408999999998,1.1,1.25,4.7,75.0,6.0,1,15.0,20,2,SOXS,41.24461734194558,75.76,49.998570934894396,75.76,65.75647684758484,75.76,37.399829111498796,76.28,29.43717993560595,76.28,19.796843710766865,76.28,33.482933551606294,77.95,-42.2705,82.5
HYB-0111,-3139.3552418643567,2074.7274818643573,0.0,-887.1897999999998,1.1,1.2,5.2,75.0,6.0,1,15.0,20,2,SOXS,36.59477499064354,73.95,50.214067576190025,73.95,64.58649646041077,73.95,35.002166842494645,74.47,27.17859263657958,74.47,22.01826695390534,74.47,35.99574907176311,76.87,-38.319399999999995,81.5
HYB-0143,-3139.439997051929,2077.033557051929,0.0,-885.3386999999998,1.1,1.2,4.7,77.5,6.0,1,15.0,20,2,SOXS,41.24433081369499,73.32,49.9984653487554,73.32,65.75620166769286,73.32,37.399407855324654,73.89,29.43701599939694,73.89,19.796541775875397,73.89,25.652075883674573,75.73,-36.4683,79.64
HYB-0031,-3149.74040571548,2086.88588571548,0.0,-885.7120999999997,1.08,1.2,4.7,75.0,6.0,1,15.0,20,2,SOXS,38.36576779075447,72.92,47.061371135052845,72.92,62.71034923382901,72.92,34.92970263820732,73.56,27.11053238527843,73.56,17.691463412361653,73.56,31.56252408538045,75.45,-36.8417,80.58
HYB-0139,-3422.15685703142,2397.53481703142,0.0,-853.8516999999998,1.1,1.2,4.7,77.5,7.0,1,15.0,40,1,SOXS,-15.592578938718937,43.81,-4.120397045067648,43.81,-7.917087418910295,43.81,-15.727329569894843,44.6,-18.118315568504663,44.6,-13.97527139987198,44.6,24.233759305892242,62.67,-4.9812999999999885,73.98
HYB-0027,-3424.2461534022923,2394.7852334022928,0.0,-857.8840999999998,1.08,1.2,4.7,75.0,7.0,1,15.0,40,1,SOXS,-15.488937601010589,46.29,-3.924078033842837,46.29,-7.615366182538907,46.29,-15.41658028872389,47.23,-17.816312576268466,47.23,-13.552044754479342,47.23,25.345682430915172,64.6,-9.013700000000014,75.24
HYB-0011,-3428.2500046022797,2397.5343646022798,0.0,-858.9296999999998,1.1,1.2,4.7,75.0,7.0,1,15.0,40,1,SOXS,-15.592546224780735,46.82,-4.120320918322751,46.82,-7.917083019362458,46.82,-15.72731242117651,47.56,-18.11818965587876,47.56,-13.975151120973306,47.56,24.233835154558992,64.67,-10.059300000000004,75.26
HYB-0123,-3430.8664433151753,2397.5349233151755,0.0,-861.1095999999998,1.1,1.2,4.7,72.5,7.0,1,15.0,40,1,SOXS,-15.592620769450505,48.11,-4.120403398581695,48.11,-7.917105165135984,48.11,-15.727330080632541,48.83,-18.118305654039936,48.83,-13.975265173532925,48.83,24.23370332254178,65.53,-12.239200000000006,75.86
HYB-0043,-3432.201857299276,2400.2700172992763,0.0,-859.9431999999998,1.12,1.2,4.7,75.0,7.0,1,15.0,40,1,SOXS,-15.69610965064877,47.33,-4.316285895972305,47.33,-8.217918350285647,47.33,-16.037026825942956,47.87,-18.419155084629146,47.87,-14.396443677767024,47.87,23.130518582313677,64.73,-11.072800000000004,75.27
HYB-0138,-3434.724480323597,2402.7193203235975,0.0,-860.0042999999998,1.1,1.2,4.7,77.5,6.0,1,15.0,40,1,SOXS,-15.59255449396526,47.45,-4.120299940659211,47.45,-7.131451287592672,47.45,-15.008248970671922,48.62,-17.41959045307383,48.62,-18.74467958652786,48.62,21.61510080523761,64.87,-11.133899999999997,75.15
HYB-0026,-3436.5364022271133,2400.007362227114,0.0,-863.7741999999998,1.08,1.2,4.7,75.0,6.0,1,15.0,40,1,SOXS,-15.488954479186102,49.76,-3.9241565327152284,49.76,-6.827209859457173,49.76,-14.694973294625235,51.06,-17.115167335489133,51.06,-18.345065557159078,51.06,22.705761227862254,66.66,-14.90379999999999,76.34
HYB-0075,-3439.537160432342,2397.536000432342,0.0,-868.3342999999998,1.1,1.25,4.7,75.0,7.0,1,15.0,40,1,SOXS,-15.592552416586758,47.3,-4.120380346464336,47.3,-7.917068753401557,47.3,-15.727334274392291,48.03,-18.118255409398053,48.03,-12.8462268510252,48.03,23.103414015270207,64.67,-19.463900000000002,75.26
HYB-0010,-3440.4240871859183,2402.7197671859185,0.0,-864.7535999999998,1.1,1.2,4.7,75.0,6.0,1,15.0,40,1,SOXS,-15.592585271088355,50.26,-4.120403457359201,50.26,-7.1314539581037835,50.26,-15.008295392773196,51.37,-17.41968926159869,51.37,-18.744687099117474,51.37,21.614943650466635,66.75,-15.883199999999997,76.36
HYB-0059,-3440.972821361027,2407.4220613610273,0.0,-861.2922999999998,1.1,1.15,4.7,75.0,7.0,1,15.0,40,1,SOXS,-15.592498961508838,48.21,-4.120352478659806,48.21,-7.917016269958943,48.21,-17.94102269554316,48.21,-20.26909536507404,48.21,-16.234887902670447,48.21,20.970408708732347,64.67,-12.421900000000008,75.26
HYB-0122,-3442.870275327962,2402.719515327962,0.0,-866.7922999999998,1.1,1.2,4.7,72.5,6.0,1,15.0,40,1,SOXS,-15.592593202002469,51.47,-4.12030563528194,51.47,-7.13140508865604,51.47,-15.008299515697644,52.55,-17.419646288728053,52.55,-18.74469125633832,52.55,21.615022055086584,67.55,-17.9219,76.93
HYB-0042,-3444.261596694946,2405.4181166949465,0.0,-865.7028999999998,1.12,1.2,4.7,75.0,6.0,1,15.0,40,1,SOXS,-15.696083201556998,50.74,-4.316197475583616,50.74,-7.434820111856199,50.74,-15.320634610332872,51.66,-17.72314693443474,51.66,-19.142596031383384,51.66,20.532958066545138,66.83,-16.832499999999996,76.37
HYB-0074,-3450.9618930548813,2402.7377730548815,0.0,-873.5200999999998,1.1,1.25,4.7,75.0,6.0,1,15.0,40,1,SOXS,-15.59252467522575,50.69,-4.120328190928946,50.69,-7.131438994780403,50.69,-15.008329940071818,51.79,-17.41962281686189,51.79,-17.70301117312334,51.79,20.555079132454868,67.45,-24.649700000000006,76.36
HYB-0058,-3452.80638220456,2412.4505422045604,0.0,-866.9631999999998,1.1,1.15,4.7,75.0,6.0,1,15.0,40,1,SOXS,-15.592567440144522,51.57,-4.120355250266005,51.57,-7.131429789482402,51.57,-17.240877593952142,51.57,-19.58892839822266,51.57,-20.879120879120872,51.57,18.42033354297241,66.75,-18.092799999999997,76.36
HYB-0137,-3459.3465759922346,2418.528135992235,0.0,-867.3486999999998,1.1,1.2,4.7,77.5,5.0,1,15.0,40,1,SOXS,-15.592579094068004,45.45,-4.120317553660691,45.45,-9.43311332734159,45.45,-17.139691719732276,45.45,-19.490545373024947,45.45,-20.782345481665754,45.45,14.348052953602487,62.21,-18.478300000000004,72.56
HYB-0025,-3460.98442340761,2415.95626340761,0.0,-870.8567999999998,1.08,1.2,4.7,75.0,5.0,1,15.0,40,1,SOXS,-15.488935855368279,47.89,-3.924137931034488,47.89,-9.136375336457114,47.89,-16.83410657023947,47.93,-19.193651799854784,47.93,-20.39266107471581,47.93,15.331201556404107,64.15,-21.986400000000007,73.89
HYB-0009,-3464.575204914356,2418.5286049143565,0.0,-871.7054999999998,1.1,1.2,4.7,75.0,5.0,1,15.0,40,1,SOXS,-15.59260814967468,48.37,-4.120351387283961,48.37,-9.433207123759713,48.37,-17.139697078704774,48.37,-19.490577573560863,48.37,-20.78241390921559,48.37,14.34784670418745,64.23,-22.835099999999997,73.9
HYB-0041,-3468.1191913837247,2421.086791383725,0.0,-872.5269999999998,1.12,1.2,4.7,75.0,5.0,1,15.0,40,1,SOXS,-15.696122017637427,48.83,-4.3162311749253,48.83,-9.72905734089774,48.83,-17.444192964793682,48.83,-19.78637269621991,48.83,-21.170311628771454,48.83,13.373092835864341,64.29,-23.656599999999994,73.91
HYB-0121,-3469.394809170741,2418.5281691707414,0.0,-875.7221999999998,1.1,1.2,4.7,72.5,5.0,1,15.0,40,1,SOXS,-15.59251703192216,49.62,-4.120369581487903,49.62,-9.433172665602708,49.62,-17.13965624854863,49.62,-19.49049381112654,49.62,-20.782383907869217,49.62,14.348020472160306,65.09,-26.851800000000004,74.53
HYB-0073,-3474.2064037639925,2418.509403763993,0.0,-879.7474999999998,1.1,1.25,4.7,75.0,5.0,1,15.0,40,1,SOXS,-15.59260977873297,51.6,-4.1203494355932735,51.6,-9.433129155884568,51.6,-17.13968904712243,51.6,-19.49057093838702,51.6,-19.766808856388383,51.6,13.351349844460003,66.89,-30.877100000000002,75.32
HYB-0057,-3476.38371898132,2427.90471898132,0.0,-873.7324999999998,1.1,1.15,4.7,75.0,5.0,1,15.0,40,1,SOXS,-15.592559266036899,49.72,-4.1203620406064285,49.72,-9.433236785549415,49.72,-19.316306314529164,49.72,-21.605432893251454,49.72,-22.863334729511088,49.72,11.344109444508653,64.23,-24.862099999999998,73.9
HYB-0091,-3490.234457050955,2445.8086970509553,0.0,-870.3547999999998,1.1,1.2,4.2,75.0,7.0,1,15.0,40,1,SOXS,-20.22936865708187,52.72,-14.055438005781774,52.72,-16.519213246247023,52.72,-22.796018442677347,52.72,-24.285897506366915,52.72,-20.454927673956334,52.72,18.849762877500087,66.21,-21.484399999999994,77.18
HYB-0107,-3503.4066627781276,2447.362982778128,0.0,-880.0363999999998,1.1,1.2,5.2,75.0,7.0,1,15.0,40,1,SOXS,-18.371267596948503,58.63,-7.745670007894034,58.63,-12.213959503182581,58.63,-20.500598838357543,58.63,-23.720342645641026,58.63,-19.96130273055282,58.63,1.4677549407930313,70.33,-31.166000000000004,76.25
HYB-0106,-3512.9907967358668,2452.917276735867,0.0,-883.3945999999999,1.1,1.2,5.2,75.0,6.0,1,15.0,40,1,SOXS,-18.371361819582653,60.65,-7.745740645764876,60.65,-11.40089741438569,60.65,-19.76427712755333,60.65,-23.01375564823449,60.65,-24.779194162086647,60.65,-1.5244535219147703,71.58,-34.52420000000001,76.72
HYB-0090,-3517.066529807362,2466.561449807362,0.0,-875.4208999999998,1.1,1.2,4.2,75.0,6.0,1,15.0,40,1,SOXS,-20.22931106762037,55.77,-14.055451870140356,55.77,-19.283868862043164,55.77,-25.352785442423688,55.77,-26.79332653588049,55.77,-27.590089090921634,55.77,13.06097945801168,66.82,-26.5505,77.56
HYB-0105,-3533.0862056131837,2466.917645613184,0.0,-888.4737999999998,1.1,1.2,5.2,75.0,5.0,1,15.0,40,1,SOXS,-18.371280210408514,58.92,-7.745816251092153,58.92,-13.596820641794316,58.92,-21.77629610633842,58.92,-24.94435752357116,58.92,-26.665509114509035,58.92,-7.499969369126525,69.26,-39.6034,74.13
HYB-0089,-3539.671531082242,2480.8311310822423,0.0,-882.3669999999997,1.1,1.2,4.2,75.0,5.0,1,15.0,40,1,SOXS,-20.22939174722286,54.69,-14.055531503822072,54.69,-21.284430382893195,54.69,-27.224836401041784,54.69,-28.62918155271351,54.69,-29.405957620263813,54.69,6.315794522058993,64.77,-33.4966,75.55
