Window,Profile,Scenario,CPU Final Equity,CPU Return %,CPU Max Drawdown %,CPU Trades,Delta Return % vs S0,Delta Final Equity vs S0,Delta Trades vs S0,GPU Final Equity,GPU Return %,GPU Max Drawdown %,GPU Trades,CPU-GPU Diff (bps),Start Equity,Start Date,End Date,Data Source,GPU Backend
1m,original_composer,S0_prev_like_baseline,18769.763601768704,87.69763601768703,8.620689844168508,8,0.0,0.0,0,18769.763601768704,87.69763601768703,8.620689844168508,8,0.0,10000.0,2026-02-19,2026-03-19,yfinance,cpu_emulated_fallback
1m,original_composer,S1_threshold_5pct,18769.763601768704,87.69763601768703,8.620689844168508,7,0.0,0.0,-1,18769.763601768704,87.69763601768703,8.620689844168508,7,0.0,10000.0,2026-02-19,2026-03-19,yfinance,cpu_emulated_fallback
1m,original_composer,S2_sequence_rebalance_then_profit,18769.763601768704,87.69763601768703,8.620689844168508,8,0.0,0.0,0,18769.763601768704,87.69763601768703,8.620689844168508,8,0.0,10000.0,2026-02-19,2026-03-19,yfinance,cpu_emulated_fallback
1m,original_composer,S3_anchor_off,19306.866156368058,93.06866156368059,8.620689844168506,9,5.371025545993561,537.1025545993543,1,19306.866156368058,93.06866156368059,8.620689844168506,9,0.0,10000.0,2026-02-19,2026-03-19,yfinance,cpu_emulated_fallback
1m,original_composer,S4_zero_costs,18782.906942084504,87.82906942084506,8.620689844168515,7,0.13143340315802732,13.143340315800742,-1,18782.906942084504,87.82906942084506,8.620689844168515,7,0.0,10000.0,2026-02-19,2026-03-19,yfinance,cpu_emulated_fallback
1m,original_composer,S5_profit_exec_market_close,18769.763601768704,87.69763601768703,8.620689844168508,8,0.0,0.0,0,18769.763601768704,87.69763601768703,8.620689844168508,8,0.0,10000.0,2026-02-19,2026-03-19,yfinance,cpu_emulated_fallback
1m,original_composer,S6_runtime_like_bundle,19306.866156368058,93.06866156368059,8.620689844168506,9,5.371025545993561,537.1025545993543,1,19306.866156368058,93.06866156368059,8.620689844168506,9,0.0,10000.0,2026-02-19,2026-03-19,yfinance,cpu_emulated_fallback
1m,trailing12_4_adapt,S0_prev_like_baseline,19596.537734784255,95.96537734784253,8.620689844168508,13,0.0,0.0,0,19596.537734784255,95.96537734784253,8.620689844168508,13,0.0,10000.0,2026-02-19,2026-03-19,yfinance,cpu_emulated_fallback
1m,trailing12_4_adapt,S1_threshold_5pct,19596.537734784255,95.96537734784253,8.620689844168508,13,0.0,0.0,0,19596.537734784255,95.96537734784253,8.620689844168508,13,0.0,10000.0,2026-02-19,2026-03-19,yfinance,cpu_emulated_fallback
1m,trailing12_4_adapt,S2_sequence_rebalance_then_profit,16272.045487842755,62.720454878427546,8.620689844168508,9,-33.24492246941499,-3324.4922469414996,-4,16272.045487842755,62.720454878427546,8.620689844168508,9,0.0,10000.0,2026-02-19,2026-03-19,yfinance,cpu_emulated_fallback
1m,trailing12_4_adapt,S3_anchor_off,20157.298685319805,101.57298685319805,8.620689844168506,15,5.607609505355512,560.7609505355504,2,20157.298685319805,101.57298685319805,8.620689844168506,15,0.0,10000.0,2026-02-19,2026-03-19,yfinance,cpu_emulated_fallback
1m,trailing12_4_adapt,S4_zero_costs,19622.029702066677,96.22029702066676,8.620689844168515,14,0.25491967282422934,25.491967282421683,1,19622.029702066677,96.22029702066676,8.620689844168515,14,0.0,10000.0,2026-02-19,2026-03-19,yfinance,cpu_emulated_fallback
1m,trailing12_4_adapt,S5_profit_exec_market_close,18758.505121451966,87.58505121451967,8.620689844168508,13,-8.380326133322868,-838.0326133322887,0,18758.505121451966,87.58505121451967,8.620689844168508,13,0.0,10000.0,2026-02-19,2026-03-19,yfinance,cpu_emulated_fallback
1m,trailing12_4_adapt,S6_runtime_like_bundle,19295.28551117662,92.95285511176618,8.620689844168506,15,-3.01252223607635,-301.25222360763655,2,19295.28551117662,92.95285511176618,8.620689844168506,15,0.0,10000.0,2026-02-19,2026-03-19,yfinance,cpu_emulated_fallback
1m,aggr_adapt_t10_tr2_rv14_b85_m8_M30,S0_prev_like_baseline,21359.78091867326,113.59780918673259,8.620689844168508,18,0.0,0.0,0,21359.78091867326,113.59780918673259,8.620689844168508,18,0.0,10000.0,2026-02-19,2026-03-19,yfinance,cpu_emulated_fallback
1m,aggr_adapt_t10_tr2_rv14_b85_m8_M30,S1_threshold_5pct,21359.78091867326,113.59780918673259,8.620689844168508,17,0.0,0.0,-1,21359.78091867326,113.59780918673259,8.620689844168508,17,0.0,10000.0,2026-02-19,2026-03-19,yfinance,cpu_emulated_fallback
1m,aggr_adapt_t10_tr2_rv14_b85_m8_M30,S2_sequence_rebalance_then_profit,18496.741284778993,84.96741284778993,8.620689844168508,13,-28.63039633894266,-2863.0396338942664,-5,18496.741284778993,84.96741284778993,8.620689844168508,13,0.0,10000.0,2026-02-19,2026-03-19,yfinance,cpu_emulated_fallback
1m,aggr_adapt_t10_tr2_rv14_b85_m8_M30,S3_anchor_off,21970.997614871874,119.70997614871872,8.620689844168506,22,6.112166961986134,611.216696198615,4,21970.997614871874,119.70997614871872,8.620689844168506,22,0.0,10000.0,2026-02-19,2026-03-19,yfinance,cpu_emulated_fallback
1m,aggr_adapt_t10_tr2_rv14_b85_m8_M30,S4_zero_costs,21396.123321756582,113.96123321756582,8.620689844168515,17,0.3634240308332295,36.342403083323006,-1,21396.123321756582,113.96123321756582,8.620689844168515,17,0.0,10000.0,2026-02-19,2026-03-19,yfinance,cpu_emulated_fallback
1m,aggr_adapt_t10_tr2_rv14_b85_m8_M30,S5_profit_exec_market_close,18751.00321985873,87.51003219858728,8.620689844168508,17,-26.087776988145308,-2608.7776988145306,-1,18751.00321985873,87.51003219858728,8.620689844168508,17,0.0,10000.0,2026-02-19,2026-03-19,yfinance,cpu_emulated_fallback
1m,aggr_adapt_t10_tr2_rv14_b85_m8_M30,S6_runtime_like_bundle,19287.568940363475,92.87568940363475,8.620689844168506,19,-20.72211978309784,-2072.211978309784,1,19287.568940363475,92.87568940363475,8.620689844168506,19,0.0,10000.0,2026-02-19,2026-03-19,yfinance,cpu_emulated_fallback
2m,original_composer,S0_prev_like_baseline,21542.679262310245,115.42679262310243,18.894010310229806,15,0.0,0.0,0,21542.679262310245,115.42679262310243,18.894010310229806,15,0.0,10000.0,2026-01-19,2026-03-19,yfinance,cpu_emulated_fallback
2m,original_composer,S1_threshold_5pct,21542.679262310245,115.42679262310243,18.894010310229806,15,0.0,0.0,0,21542.679262310245,115.42679262310243,18.894010310229806,15,0.0,10000.0,2026-01-19,2026-03-19,yfinance,cpu_emulated_fallback
2m,original_composer,S2_sequence_rebalance_then_profit,21542.679262310245,115.42679262310243,18.894010310229806,15,0.0,0.0,0,21542.679262310245,115.42679262310243,18.894010310229806,15,0.0,10000.0,2026-01-19,2026-03-19,yfinance,cpu_emulated_fallback
2m,original_composer,S3_anchor_off,21542.679262310245,115.42679262310243,18.894010310229806,15,0.0,0.0,0,21542.679262310245,115.42679262310243,18.894010310229806,15,0.0,10000.0,2026-01-19,2026-03-19,yfinance,cpu_emulated_fallback
2m,original_composer,S4_zero_costs,21575.017421072964,115.75017421072964,18.894010310229806,17,0.32338158762721037,32.338158762719104,2,21575.017421072964,115.75017421072964,18.894010310229806,17,0.0,10000.0,2026-01-19,2026-03-19,yfinance,cpu_emulated_fallback
2m,original_composer,S5_profit_exec_market_close,21542.679262310245,115.42679262310243,18.894010310229806,15,0.0,0.0,0,21542.679262310245,115.42679262310243,18.894010310229806,15,0.0,10000.0,2026-01-19,2026-03-19,yfinance,cpu_emulated_fallback
2m,original_composer,S6_runtime_like_bundle,21542.679262310245,115.42679262310243,18.894010310229806,15,0.0,0.0,0,21542.679262310245,115.42679262310243,18.894010310229806,15,0.0,10000.0,2026-01-19,2026-03-19,yfinance,cpu_emulated_fallback
2m,trailing12_4_adapt,S0_prev_like_baseline,25750.57047242887,157.5057047242887,18.894010310229806,29,0.0,0.0,0,25750.57047242887,157.5057047242887,18.894010310229806,29,0.0,10000.0,2026-01-19,2026-03-19,yfinance,cpu_emulated_fallback
2m,trailing12_4_adapt,S1_threshold_5pct,25750.570472428866,157.50570472428868,18.894010310229806,27,-2.842170943040401e-14,-3.637978807091713e-12,-2,25750.570472428866,157.50570472428868,18.894010310229806,27,0.0,10000.0,2026-01-19,2026-03-19,yfinance,cpu_emulated_fallback
2m,trailing12_4_adapt,S2_sequence_rebalance_then_profit,17196.620782188285,71.96620782188286,19.00378550551102,21,-85.53949690240584,-8553.949690240584,-8,17196.620782188285,71.96620782188286,19.00378550551102,21,0.0,10000.0,2026-01-19,2026-03-19,yfinance,cpu_emulated_fallback
2m,trailing12_4_adapt,S3_anchor_off,25750.57047242887,157.5057047242887,18.894010310229806,29,0.0,0.0,0,25750.57047242887,157.5057047242887,18.894010310229806,29,0.0,10000.0,2026-01-19,2026-03-19,yfinance,cpu_emulated_fallback
2m,trailing12_4_adapt,S4_zero_costs,25820.190829197032,158.20190829197034,18.894010310229806,27,0.6962035676816356,69.62035676816231,-2,25820.190829197032,158.20190829197034,18.894010310229806,27,0.0,10000.0,2026-01-19,2026-03-19,yfinance,cpu_emulated_fallback
2m,trailing12_4_adapt,S5_profit_exec_market_close,21516.84355163604,115.16843551636042,18.910229886210157,28,-42.33726920792829,-4233.726920792829,-1,21516.84355163604,115.16843551636042,18.910229886210157,28,0.0,10000.0,2026-01-19,2026-03-19,yfinance,cpu_emulated_fallback
2m,trailing12_4_adapt,S6_runtime_like_bundle,21516.84355163604,115.16843551636042,18.910229886210157,27,-42.33726920792829,-4233.726920792829,-2,21516.84355163604,115.16843551636042,18.910229886210157,27,0.0,10000.0,2026-01-19,2026-03-19,yfinance,cpu_emulated_fallback
2m,aggr_adapt_t10_tr2_rv14_b85_m8_M30,S0_prev_like_baseline,30480.61119415648,204.8061119415648,18.894010310229806,32,0.0,0.0,0,30480.61119415648,204.8061119415648,18.894010310229806,32,0.0,10000.0,2026-01-19,2026-03-19,yfinance,cpu_emulated_fallback
2m,aggr_adapt_t10_tr2_rv14_b85_m8_M30,S1_threshold_5pct,30480.611194156478,204.80611194156478,18.894010310229806,31,-2.842170943040401e-14,-3.637978807091713e-12,-1,30480.611194156478,204.80611194156478,18.894010310229806,31,0.0,10000.0,2026-01-19,2026-03-19,yfinance,cpu_emulated_fallback
2m,aggr_adapt_t10_tr2_rv14_b85_m8_M30,S2_sequence_rebalance_then_profit,20795.085713200606,107.95085713200608,18.894010310229806,28,-96.85525480955873,-9685.525480955876,-4,20795.085713200606,107.95085713200608,18.894010310229806,28,0.0,10000.0,2026-01-19,2026-03-19,yfinance,cpu_emulated_fallback
2m,aggr_adapt_t10_tr2_rv14_b85_m8_M30,S3_anchor_off,30480.61119415648,204.8061119415648,18.894010310229806,32,0.0,0.0,0,30480.61119415648,204.8061119415648,18.894010310229806,32,0.0,10000.0,2026-01-19,2026-03-19,yfinance,cpu_emulated_fallback
2m,aggr_adapt_t10_tr2_rv14_b85_m8_M30,S4_zero_costs,30575.24754709353,205.7524754709353,18.894010310229806,32,0.946363529370501,94.6363529370501,0,30575.24754709353,205.7524754709353,18.894010310229806,32,0.0,10000.0,2026-01-19,2026-03-19,yfinance,cpu_emulated_fallback
2m,aggr_adapt_t10_tr2_rv14_b85_m8_M30,S5_profit_exec_market_close,21508.238535304707,115.08238535304707,18.910229886210157,32,-89.72372658851774,-8972.372658851775,0,21508.238535304707,115.08238535304707,18.910229886210157,32,0.0,10000.0,2026-01-19,2026-03-19,yfinance,cpu_emulated_fallback
2m,aggr_adapt_t10_tr2_rv14_b85_m8_M30,S6_runtime_like_bundle,21508.238535304707,115.08238535304707,18.910229886210157,31,-89.72372658851774,-8972.372658851775,-1,21508.238535304707,115.08238535304707,18.910229886210157,31,0.0,10000.0,2026-01-19,2026-03-19,yfinance,cpu_emulated_fallback
3m,original_composer,S0_prev_like_baseline,18559.373763461394,85.59373763461393,35.999998612837366,17,0.0,0.0,0,18559.373763461394,85.59373763461393,35.999998612837366,17,0.0,10000.0,2025-12-19,2026-03-19,yfinance,cpu_emulated_fallback
3m,original_composer,S1_threshold_5pct,18559.373763461394,85.59373763461393,35.999998612837366,17,0.0,0.0,0,18559.373763461394,85.59373763461393,35.999998612837366,17,0.0,10000.0,2025-12-19,2026-03-19,yfinance,cpu_emulated_fallback
3m,original_composer,S2_sequence_rebalance_then_profit,18559.373763461394,85.59373763461393,35.999998612837366,17,0.0,0.0,0,18559.373763461394,85.59373763461393,35.999998612837366,17,0.0,10000.0,2025-12-19,2026-03-19,yfinance,cpu_emulated_fallback
3m,original_composer,S3_anchor_off,19244.450008731703,92.44450008731704,35.99999861283735,18,6.850762452703108,685.0762452703093,1,19244.450008731703,92.44450008731704,35.99999861283735,18,0.0,10000.0,2025-12-19,2026-03-19,yfinance,cpu_emulated_fallback
3m,original_composer,S4_zero_costs,18590.951439508444,85.90951439508446,35.99999861283736,19,0.31577676047052705,31.577676047050772,2,18590.951439508444,85.90951439508446,35.99999861283736,19,0.0,10000.0,2025-12-19,2026-03-19,yfinance,cpu_emulated_fallback
3m,original_composer,S5_profit_exec_market_close,18559.373763461394,85.59373763461393,35.999998612837366,17,0.0,0.0,0,18559.373763461394,85.59373763461393,35.999998612837366,17,0.0,10000.0,2025-12-19,2026-03-19,yfinance,cpu_emulated_fallback
3m,original_composer,S6_runtime_like_bundle,19244.450008731703,92.44450008731704,35.99999861283735,17,6.850762452703108,685.0762452703093,0,19244.450008731703,92.44450008731704,35.99999861283735,17,0.0,10000.0,2025-12-19,2026-03-19,yfinance,cpu_emulated_fallback
3m,trailing12_4_adapt,S0_prev_like_baseline,22184.54149555529,121.84541495555293,35.999998612837366,29,0.0,0.0,0,22184.54149555529,121.84541495555293,35.999998612837366,29,0.0,10000.0,2025-12-19,2026-03-19,yfinance,cpu_emulated_fallback
3m,trailing12_4_adapt,S1_threshold_5pct,22184.54149555529,121.84541495555293,35.999998612837366,29,0.0,0.0,0,22184.54149555529,121.84541495555293,35.999998612837366,29,0.0,10000.0,2025-12-19,2026-03-19,yfinance,cpu_emulated_fallback
3m,trailing12_4_adapt,S2_sequence_rebalance_then_profit,14815.172647699423,48.15172647699421,36.08662122452295,25,-73.69368847855871,-7369.368847855869,-4,14815.172647699423,48.15172647699421,36.08662122452295,25,0.0,10000.0,2025-12-19,2026-03-19,yfinance,cpu_emulated_fallback
3m,trailing12_4_adapt,S3_anchor_off,23003.432401278627,130.03432401278627,35.99999861283735,29,8.188909057233346,818.8909057233359,0,23003.432401278627,130.03432401278627,35.99999861283735,29,0.0,10000.0,2025-12-19,2026-03-19,yfinance,cpu_emulated_fallback
3m,trailing12_4_adapt,S4_zero_costs,22248.969931101496,122.48969931101495,35.99999861283736,34,0.6442843554620197,64.42843554620413,5,22248.969931101496,122.48969931101495,35.99999861283736,34,0.0,10000.0,2025-12-19,2026-03-19,yfinance,cpu_emulated_fallback
3m,trailing12_4_adapt,S5_profit_exec_market_close,18537.115872276703,85.37115872276703,36.012797333242744,30,-36.47425623278589,-3647.4256232785883,1,18537.115872276703,85.37115872276703,36.012797333242744,30,0.0,10000.0,2025-12-19,2026-03-19,yfinance,cpu_emulated_fallback
3m,trailing12_4_adapt,S6_runtime_like_bundle,19221.37051910762,92.21370519107619,36.012797333242744,30,-29.63170976447674,-2963.1709764476727,1,19221.37051910762,92.21370519107619,36.012797333242744,30,0.0,10000.0,2025-12-19,2026-03-19,yfinance,cpu_emulated_fallback
3m,aggr_adapt_t10_tr2_rv14_b85_m8_M30,S0_prev_like_baseline,26530.120845009886,165.30120845009884,35.34056015858177,35,0.0,0.0,0,26530.120845009886,165.30120845009884,35.34056015858177,35,0.0,10000.0,2025-12-19,2026-03-19,yfinance,cpu_emulated_fallback
3m,aggr_adapt_t10_tr2_rv14_b85_m8_M30,S1_threshold_5pct,26530.120845009886,165.30120845009884,35.34056015858177,35,0.0,0.0,0,26530.120845009886,165.30120845009884,35.34056015858177,35,0.0,10000.0,2025-12-19,2026-03-19,yfinance,cpu_emulated_fallback
3m,aggr_adapt_t10_tr2_rv14_b85_m8_M30,S2_sequence_rebalance_then_profit,19710.488961576277,97.10488961576276,29.58696498325234,30,-68.19631883433608,-6819.631883433609,-5,19710.488961576277,97.10488961576276,29.58696498325234,30,0.0,10000.0,2025-12-19,2026-03-19,yfinance,cpu_emulated_fallback
3m,aggr_adapt_t10_tr2_rv14_b85_m8_M30,S3_anchor_off,27509.41873548339,175.09418735483388,35.34056015858178,37,9.792978904735037,979.2978904735028,2,27509.41873548339,175.09418735483388,35.34056015858178,37,0.0,10000.0,2025-12-19,2026-03-19,yfinance,cpu_emulated_fallback
3m,aggr_adapt_t10_tr2_rv14_b85_m8_M30,S4_zero_costs,26623.13882189831,166.23138821898306,35.327626977295374,37,0.9301797688842157,93.01797688842271,2,26623.13882189831,166.23138821898306,35.327626977295374,37,0.0,10000.0,2025-12-19,2026-03-19,yfinance,cpu_emulated_fallback
3m,aggr_adapt_t10_tr2_rv14_b85_m8_M30,S5_profit_exec_market_close,18525.99693872991,85.2599693872991,36.025593494160006,36,-80.04123906279975,-8004.123906279976,1,18525.99693872991,85.2599693872991,36.025593494160006,36,0.0,10000.0,2025-12-19,2026-03-19,yfinance,cpu_emulated_fallback
3m,aggr_adapt_t10_tr2_rv14_b85_m8_M30,S6_runtime_like_bundle,19209.841155912556,92.09841155912557,36.02559349416,35,-73.20279689097327,-7320.2796890973295,0,19209.841155912556,92.09841155912557,36.02559349416,35,0.0,10000.0,2025-12-19,2026-03-19,yfinance,cpu_emulated_fallback
6m,original_composer,S0_prev_like_baseline,20642.821542328693,106.42821542328691,39.11872168216416,32,0.0,0.0,0,20642.821542328693,106.42821542328691,39.11872168216416,32,0.0,10000.0,2025-09-19,2026-03-19,yfinance,cpu_emulated_fallback
6m,original_composer,S1_threshold_5pct,20642.821542328693,106.42821542328691,39.11872168216416,27,0.0,0.0,-5,20642.821542328693,106.42821542328691,39.11872168216416,27,0.0,10000.0,2025-09-19,2026-03-19,yfinance,cpu_emulated_fallback
6m,original_composer,S2_sequence_rebalance_then_profit,20642.821542328693,106.42821542328691,39.11872168216416,32,0.0,0.0,0,20642.821542328693,106.42821542328691,39.11872168216416,32,0.0,10000.0,2025-09-19,2026-03-19,yfinance,cpu_emulated_fallback
6m,original_composer,S3_anchor_off,19709.602489883026,97.09602489883025,39.11872168216416,27,-9.332190524456664,-933.2190524456673,-5,19709.602489883026,97.09602489883025,39.11872168216416,27,0.0,10000.0,2025-09-19,2026-03-19,yfinance,cpu_emulated_fallback
6m,original_composer,S4_zero_costs,20698.63236803515,106.98632368035148,39.10654420875325,27,0.5581082570645606,55.810825706455944,-5,20698.63236803515,106.98632368035148,39.10654420875325,27,0.0,10000.0,2025-09-19,2026-03-19,yfinance,cpu_emulated_fallback
6m,original_composer,S5_profit_exec_market_close,20642.821542328693,106.42821542328691,39.11872168216416,32,0.0,0.0,0,20642.821542328693,106.42821542328691,39.11872168216416,32,0.0,10000.0,2025-09-19,2026-03-19,yfinance,cpu_emulated_fallback
6m,original_composer,S6_runtime_like_bundle,19709.602489883026,97.09602489883025,39.11872168216416,27,-9.332190524456664,-933.2190524456673,-5,19709.602489883026,97.09602489883025,39.11872168216416,27,0.0,10000.0,2025-09-19,2026-03-19,yfinance,cpu_emulated_fallback
6m,trailing12_4_adapt,S0_prev_like_baseline,31727.464313094682,217.27464313094683,38.77875144411608,50,0.0,0.0,0,31727.464313094682,217.27464313094683,38.77875144411608,50,0.0,10000.0,2025-09-19,2026-03-19,yfinance,cpu_emulated_fallback
6m,trailing12_4_adapt,S1_threshold_5pct,31727.464313094682,217.27464313094683,38.77875144411608,47,0.0,0.0,-3,31727.464313094682,217.27464313094683,38.77875144411608,47,0.0,10000.0,2025-09-19,2026-03-19,yfinance,cpu_emulated_fallback
6m,trailing12_4_adapt,S2_sequence_rebalance_then_profit,20604.52441445214,106.04524414452139,43.46311096524001,45,-111.22939898642544,-11122.939898642544,-5,20604.52441445214,106.04524414452139,43.46311096524001,45,0.0,10000.0,2025-09-19,2026-03-19,yfinance,cpu_emulated_fallback
6m,trailing12_4_adapt,S3_anchor_off,30293.131602226815,202.93131602226816,38.778751444116075,50,-14.343327108678665,-1434.3327108678677,0,30293.131602226815,202.93131602226816,38.778751444116075,50,0.0,10000.0,2025-09-19,2026-03-19,yfinance,cpu_emulated_fallback
6m,trailing12_4_adapt,S4_zero_costs,31876.93421597677,218.76934215976772,38.754258046259075,51,1.4946990288208895,149.4699028820869,1,31876.93421597677,218.76934215976772,38.754258046259075,51,0.0,10000.0,2025-09-19,2026-03-19,yfinance,cpu_emulated_fallback
6m,trailing12_4_adapt,S5_profit_exec_market_close,20601.577157239768,106.01577157239768,39.143069323719516,49,-111.25887155854915,-11125.887155854914,-1,20601.577157239768,106.01577157239768,39.143069323719516,49,0.0,10000.0,2025-09-19,2026-03-19,yfinance,cpu_emulated_fallback
6m,trailing12_4_adapt,S6_runtime_like_bundle,19670.222677710768,96.70222677710767,39.143069323719516,47,-120.57241635383916,-12057.241635383914,-3,19670.222677710768,96.70222677710767,39.143069323719516,47,0.0,10000.0,2025-09-19,2026-03-19,yfinance,cpu_emulated_fallback
6m,aggr_adapt_t10_tr2_rv14_b85_m8_M30,S0_prev_like_baseline,42686.29836893241,326.8629836893241,36.85936000695815,61,0.0,0.0,0,42686.29836893241,326.8629836893241,36.85936000695815,61,0.0,10000.0,2025-09-19,2026-03-19,yfinance,cpu_emulated_fallback
6m,aggr_adapt_t10_tr2_rv14_b85_m8_M30,S1_threshold_5pct,42686.29836893241,326.8629836893241,36.85936000695815,58,0.0,0.0,-3,42686.29836893241,326.8629836893241,36.85936000695815,58,0.0,10000.0,2025-09-19,2026-03-19,yfinance,cpu_emulated_fallback
6m,aggr_adapt_t10_tr2_rv14_b85_m8_M30,S2_sequence_rebalance_then_profit,33668.56235278712,236.6856235278712,36.41597191220989,52,-90.1773601614529,-9017.736016145289,-9,33668.56235278712,236.6856235278712,36.41597191220989,52,0.0,10000.0,2025-09-19,2026-03-19,yfinance,cpu_emulated_fallback
6m,aggr_adapt_t10_tr2_rv14_b85_m8_M30,S3_anchor_off,40756.539550130256,307.5653955013026,36.85936000695815,60,-19.297588188021507,-1929.7588188021546,-1,40756.539550130256,307.5653955013026,36.85936000695815,60,0.0,10000.0,2025-09-19,2026-03-19,yfinance,cpu_emulated_fallback
6m,aggr_adapt_t10_tr2_rv14_b85_m8_M30,S4_zero_costs,42930.30481413003,329.30304814130034,36.82146425524737,61,2.440064451976241,244.00644519762136,0,42930.30481413003,329.30304814130034,36.82146425524737,61,0.0,10000.0,2025-09-19,2026-03-19,yfinance,cpu_emulated_fallback
6m,aggr_adapt_t10_tr2_rv14_b85_m8_M30,S5_profit_exec_market_close,20580.98587736977,105.80985877369771,39.155239492837865,59,-221.05312491562637,-22105.31249156264,-2,20580.98587736977,105.80985877369771,39.155239492837865,59,0.0,10000.0,2025-09-19,2026-03-19,yfinance,cpu_emulated_fallback
6m,aggr_adapt_t10_tr2_rv14_b85_m8_M30,S6_runtime_like_bundle,19650.56228680134,96.5056228680134,39.15523949283786,57,-230.3573608213107,-23035.73608213107,-4,19650.56228680134,96.5056228680134,39.15523949283786,57,0.0,10000.0,2025-09-19,2026-03-19,yfinance,cpu_emulated_fallback
1y,original_composer,S0_prev_like_baseline,33698.36962852483,236.9836962852483,39.118721682164164,230,0.0,0.0,0,33698.36962852483,236.9836962852483,39.118721682164164,230,0.0,10000.0,2025-03-19,2026-03-19,yfinance,cpu_emulated_fallback
1y,original_composer,S1_threshold_5pct,34242.66331975625,242.42663319756247,39.11872168216416,100,5.442936912314167,544.293691231418,-130,34242.66331975625,242.42663319756247,39.11872168216416,100,0.0,10000.0,2025-03-19,2026-03-19,yfinance,cpu_emulated_fallback
1y,original_composer,S2_sequence_rebalance_then_profit,33698.36962852483,236.9836962852483,39.118721682164164,230,0.0,0.0,0,33698.36962852483,236.9836962852483,39.118721682164164,230,0.0,10000.0,2025-03-19,2026-03-19,yfinance,cpu_emulated_fallback
1y,original_composer,S3_anchor_off,33751.42908903917,237.51429089039172,39.118721682164164,232,0.5305946051434205,53.05946051434148,2,33751.42908903917,237.51429089039172,39.118721682164164,232,0.0,10000.0,2025-03-19,2026-03-19,yfinance,cpu_emulated_fallback
1y,original_composer,S4_zero_costs,33919.04899341954,239.19048993419545,39.10654420875326,235,2.206793648947155,220.67936489471322,5,33919.04899341954,239.19048993419545,39.10654420875326,235,0.0,10000.0,2025-03-19,2026-03-19,yfinance,cpu_emulated_fallback
1y,original_composer,S5_profit_exec_market_close,33698.36962852483,236.9836962852483,39.118721682164164,230,0.0,0.0,0,33698.36962852483,236.9836962852483,39.118721682164164,230,0.0,10000.0,2025-03-19,2026-03-19,yfinance,cpu_emulated_fallback
1y,original_composer,S6_runtime_like_bundle,34308.047734068066,243.0804773406807,39.118721682164164,100,6.096781055432388,609.6781055432366,-130,34308.047734068066,243.0804773406807,39.118721682164164,100,0.0,10000.0,2025-03-19,2026-03-19,yfinance,cpu_emulated_fallback
1y,trailing12_4_adapt,S0_prev_like_baseline,54646.63403953485,446.46634039534854,38.77875144411606,252,0.0,0.0,0,54646.63403953485,446.46634039534854,38.77875144411606,252,0.0,10000.0,2025-03-19,2026-03-19,yfinance,cpu_emulated_fallback
1y,trailing12_4_adapt,S1_threshold_5pct,55529.282621131846,455.2928262113185,38.778751444116075,122,8.826485815969988,882.6485815969936,-130,55529.282621131846,455.2928262113185,38.778751444116075,122,0.0,10000.0,2025-03-19,2026-03-19,yfinance,cpu_emulated_fallback
1y,trailing12_4_adapt,S2_sequence_rebalance_then_profit,35218.868119020684,252.18868119020686,43.46311096524,247,-194.27765920514167,-19427.765920514168,-5,35218.868119020684,252.18868119020686,43.46311096524,247,0.0,10000.0,2025-03-19,2026-03-19,yfinance,cpu_emulated_fallback
1y,trailing12_4_adapt,S3_anchor_off,54732.67739869512,447.3267739869512,38.77875144411607,255,0.8604335916026571,86.04335916027048,3,54732.67739869512,447.3267739869512,38.77875144411607,255,0.0,10000.0,2025-03-19,2026-03-19,yfinance,cpu_emulated_fallback
1y,trailing12_4_adapt,S4_zero_costs,55125.639691205455,451.2563969120546,38.75425804625909,255,4.790056516706045,479.0056516706027,3,55125.639691205455,451.2563969120546,38.75425804625909,255,0.0,10000.0,2025-03-19,2026-03-19,yfinance,cpu_emulated_fallback
1y,trailing12_4_adapt,S5_profit_exec_market_close,33624.314705379475,236.24314705379476,39.143069323719516,257,-210.22319334155378,-21022.319334155378,5,33624.314705379475,236.24314705379476,39.143069323719516,257,0.0,10000.0,2025-03-19,2026-03-19,yfinance,cpu_emulated_fallback
1y,trailing12_4_adapt,S6_runtime_like_bundle,34232.65299342574,242.3265299342574,39.14306932371952,122,-204.13981046109114,-20413.98104610911,-130,34232.65299342574,242.3265299342574,39.14306932371952,122,0.0,10000.0,2025-03-19,2026-03-19,yfinance,cpu_emulated_fallback
1y,aggr_adapt_t10_tr2_rv14_b85_m8_M30,S0_prev_like_baseline,82305.85591621624,723.0585591621624,36.859360006958134,272,0.0,0.0,0,82305.85591621624,723.0585591621624,36.859360006958134,272,0.0,10000.0,2025-03-19,2026-03-19,yfinance,cpu_emulated_fallback
1y,aggr_adapt_t10_tr2_rv14_b85_m8_M30,S1_threshold_5pct,82898.81342907621,728.9881342907622,36.859360006958156,140,5.929575128599822,592.9575128599681,-132,82898.81342907621,728.9881342907622,36.859360006958156,140,0.0,10000.0,2025-03-19,2026-03-19,yfinance,cpu_emulated_fallback
1y,aggr_adapt_t10_tr2_rv14_b85_m8_M30,S2_sequence_rebalance_then_profit,58559.95757186209,485.5995757186209,36.41597191220988,260,-237.4589834435415,-23745.89834435415,-12,58559.95757186209,485.5995757186209,36.41597191220988,260,0.0,10000.0,2025-03-19,2026-03-19,yfinance,cpu_emulated_fallback
1y,aggr_adapt_t10_tr2_rv14_b85_m8_M30,S3_anchor_off,82435.44985088505,724.3544985088505,36.859360006958134,273,1.295939346688101,129.5939346688101,1,82435.44985088505,724.3544985088505,36.859360006958134,273,0.0,10000.0,2025-03-19,2026-03-19,yfinance,cpu_emulated_fallback
1y,aggr_adapt_t10_tr2_rv14_b85_m8_M30,S4_zero_costs,83156.74404739696,731.5674404739696,36.82146425524736,268,8.508881311807158,850.8881311807199,-4,83156.74404739696,731.5674404739696,36.82146425524736,268,0.0,10000.0,2025-03-19,2026-03-19,yfinance,cpu_emulated_fallback
1y,aggr_adapt_t10_tr2_rv14_b85_m8_M30,S5_profit_exec_market_close,33571.83690277039,235.71836902770386,39.15523949283786,268,-487.34019013445857,-48734.01901344585,-4,33571.83690277039,235.71836902770386,39.15523949283786,268,0.0,10000.0,2025-03-19,2026-03-19,yfinance,cpu_emulated_fallback
1y,aggr_adapt_t10_tr2_rv14_b85_m8_M30,S6_runtime_like_bundle,34109.46685580327,241.0946685580327,39.15523949283786,139,-481.9638906041297,-48196.38906041297,-133,34109.46685580327,241.0946685580327,39.15523949283786,139,0.0,10000.0,2025-03-19,2026-03-19,yfinance,cpu_emulated_fallback
2y,original_composer,S0_prev_like_baseline,21787.762608438574,117.87762608438572,62.26756721134967,436,0.0,0.0,0,21787.762608438574,117.87762608438572,62.26756721134967,436,0.0,10000.0,2024-03-19,2026-03-19,yfinance,cpu_emulated_fallback
2y,original_composer,S1_threshold_5pct,22476.15310440456,124.76153104404557,61.650496098977406,186,6.883904959659844,688.3904959659849,-250,22476.15310440456,124.76153104404557,61.650496098977406,186,0.0,10000.0,2024-03-19,2026-03-19,yfinance,cpu_emulated_fallback
2y,original_composer,S2_sequence_rebalance_then_profit,21787.762608438574,117.87762608438572,62.26756721134967,436,0.0,0.0,0,21787.762608438574,117.87762608438572,62.26756721134967,436,0.0,10000.0,2024-03-19,2026-03-19,yfinance,cpu_emulated_fallback
2y,original_composer,S3_anchor_off,20653.604689285796,106.53604689285797,62.26756721134967,430,-11.341579191527757,-1134.157919152778,-6,20653.604689285796,106.53604689285797,62.26756721134967,430,0.0,10000.0,2024-03-19,2026-03-19,yfinance,cpu_emulated_fallback
2y,original_composer,S4_zero_costs,22062.62339936694,120.6262339936694,62.154432694504806,429,2.7486079092836775,274.86079092836735,-7,22062.62339936694,120.6262339936694,62.154432694504806,429,0.0,10000.0,2024-03-19,2026-03-19,yfinance,cpu_emulated_fallback
2y,original_composer,S5_profit_exec_market_close,21787.762608438574,117.87762608438572,62.26756721134967,436,0.0,0.0,0,21787.762608438574,117.87762608438572,62.26756721134967,436,0.0,10000.0,2024-03-19,2026-03-19,yfinance,cpu_emulated_fallback
2y,original_composer,S6_runtime_like_bundle,21306.161146369464,113.06161146369465,61.650496098977406,186,-4.816014620691078,-481.6014620691094,-250,21306.161146369464,113.06161146369465,61.650496098977406,186,0.0,10000.0,2024-03-19,2026-03-19,yfinance,cpu_emulated_fallback
2y,trailing12_4_adapt,S0_prev_like_baseline,37266.986349892344,272.66986349892346,60.904196217856956,461,0.0,0.0,0,37266.986349892344,272.66986349892346,60.904196217856956,461,0.0,10000.0,2024-03-19,2026-03-19,yfinance,cpu_emulated_fallback
2y,trailing12_4_adapt,S1_threshold_5pct,38444.44727957145,284.44447279571443,60.26482872029681,212,11.77460929679097,1177.4609296791023,-249,38444.44727957145,284.44447279571443,60.26482872029681,212,0.0,10000.0,2024-03-19,2026-03-19,yfinance,cpu_emulated_fallback
2y,trailing12_4_adapt,S2_sequence_rebalance_then_profit,22836.977119139952,128.36977119139954,60.64698628787281,457,-144.30009230752393,-14430.009230752392,-4,22836.977119139952,128.36977119139954,60.64698628787281,457,0.0,10000.0,2024-03-19,2026-03-19,yfinance,cpu_emulated_fallback
2y,trailing12_4_adapt,S3_anchor_off,35327.06032576171,253.27060325761713,60.90419621785696,463,-19.399260241306337,-1939.9260241306329,2,35327.06032576171,253.27060325761713,60.90419621785696,463,0.0,10000.0,2024-03-19,2026-03-19,yfinance,cpu_emulated_fallback
2y,trailing12_4_adapt,S4_zero_costs,37835.36753275672,278.3536753275672,60.77913046692367,464,5.683811828643741,568.3811828643738,3,37835.36753275672,278.3536753275672,60.77913046692367,464,0.0,10000.0,2024-03-19,2026-03-19,yfinance,cpu_emulated_fallback
2y,trailing12_4_adapt,S5_profit_exec_market_close,21731.188004323736,117.31188004323738,62.27511294333424,463,-155.35798345568608,-15535.798345568608,2,21731.188004323736,117.31188004323738,62.27511294333424,463,0.0,10000.0,2024-03-19,2026-03-19,yfinance,cpu_emulated_fallback
2y,trailing12_4_adapt,S6_runtime_like_bundle,21250.83707965711,112.5083707965711,61.65816523284423,213,-160.16149270235235,-16016.149270235233,-248,21250.83707965711,112.5083707965711,61.65816523284423,213,0.0,10000.0,2024-03-19,2026-03-19,yfinance,cpu_emulated_fallback
2y,aggr_adapt_t10_tr2_rv14_b85_m8_M30,S0_prev_like_baseline,66946.1234946044,569.461234946044,58.97484583558048,488,0.0,0.0,0,66946.1234946044,569.461234946044,58.97484583558048,488,0.0,10000.0,2024-03-19,2026-03-19,yfinance,cpu_emulated_fallback
2y,aggr_adapt_t10_tr2_rv14_b85_m8_M30,S1_threshold_5pct,68805.04334300189,588.0504334300189,58.089607938704525,242,18.589198483974883,1858.9198483974906,-246,68805.04334300189,588.0504334300189,58.089607938704525,242,0.0,10000.0,2024-03-19,2026-03-19,yfinance,cpu_emulated_fallback
2y,aggr_adapt_t10_tr2_rv14_b85_m8_M30,S2_sequence_rebalance_then_profit,42147.29272741649,321.4729272741649,56.70609578681785,481,-247.9883076718791,-24798.83076718791,-7,42147.29272741649,321.4729272741649,56.70609578681785,481,0.0,10000.0,2024-03-19,2026-03-19,yfinance,cpu_emulated_fallback
2y,aggr_adapt_t10_tr2_rv14_b85_m8_M30,S3_anchor_off,63461.255521580984,534.6125552158098,58.97484583558049,493,-34.84867973023415,-3484.8679730234144,5,63461.255521580984,534.6125552158098,58.97484583558049,493,0.0,10000.0,2024-03-19,2026-03-19,yfinance,cpu_emulated_fallback
2y,aggr_adapt_t10_tr2_rv14_b85_m8_M30,S4_zero_costs,68148.12507494153,581.4812507494153,58.82297217889523,493,12.02001580337128,1202.0015803371352,5,68148.12507494153,581.4812507494153,58.82297217889523,493,0.0,10000.0,2024-03-19,2026-03-19,yfinance,cpu_emulated_fallback
2y,aggr_adapt_t10_tr2_rv14_b85_m8_M30,S5_profit_exec_market_close,21673.373115363243,116.73373115363242,62.29404883914926,490,-452.72750379241154,-45272.75037924116,2,21673.373115363243,116.73373115363242,62.29404883914926,490,0.0,10000.0,2024-03-19,2026-03-19,yfinance,cpu_emulated_fallback
2y,aggr_adapt_t10_tr2_rv14_b85_m8_M30,S6_runtime_like_bundle,21269.866135495602,112.69866135495602,61.462120952686035,242,-456.76257359108797,-45676.2573591088,-246,21269.866135495602,112.69866135495602,61.462120952686035,242,0.0,10000.0,2024-03-19,2026-03-19,yfinance,cpu_emulated_fallback
3y,original_composer,S0_prev_like_baseline,11409.065465327152,14.090654653271528,84.61282287406276,460,0.0,0.0,0,11409.065465327152,14.090654653271528,84.61282287406276,460,0.0,10000.0,2023-03-19,2026-03-19,yfinance,cpu_emulated_fallback
3y,original_composer,S1_threshold_5pct,11769.538101977929,17.695381019779276,84.36118305644071,216,3.604726366507748,360.4726366507766,-244,11769.538101977929,17.695381019779276,84.36118305644071,216,0.0,10000.0,2023-03-19,2026-03-19,yfinance,cpu_emulated_fallback
3y,original_composer,S2_sequence_rebalance_then_profit,11409.065465327152,14.090654653271528,84.61282287406276,460,0.0,0.0,0,11409.065465327152,14.090654653271528,84.61282287406276,460,0.0,10000.0,2023-03-19,2026-03-19,yfinance,cpu_emulated_fallback
3y,original_composer,S3_anchor_off,11409.065465327152,14.090654653271528,84.61282287406276,460,0.0,0.0,0,11409.065465327152,14.090654653271528,84.61282287406276,460,0.0,10000.0,2023-03-19,2026-03-19,yfinance,cpu_emulated_fallback
3y,original_composer,S4_zero_costs,11587.70612799208,15.87706127992079,84.55124591247184,469,1.7864066266492618,178.64066266492773,9,11587.70612799208,15.87706127992079,84.55124591247184,469,0.0,10000.0,2023-03-19,2026-03-19,yfinance,cpu_emulated_fallback
3y,original_composer,S5_profit_exec_market_close,11409.065465327152,14.090654653271528,84.61282287406276,460,0.0,0.0,0,11409.065465327152,14.090654653271528,84.61282287406276,460,0.0,10000.0,2023-03-19,2026-03-19,yfinance,cpu_emulated_fallback
3y,original_composer,S6_runtime_like_bundle,11769.538101977929,17.695381019779276,84.36118305644071,216,3.604726366507748,360.4726366507766,-244,11769.538101977929,17.695381019779276,84.36118305644071,216,0.0,10000.0,2023-03-19,2026-03-19,yfinance,cpu_emulated_fallback
3y,trailing12_4_adapt,S0_prev_like_baseline,19836.682911630684,98.36682911630683,83.57295060762034,498,0.0,0.0,0,19836.682911630684,98.36682911630683,83.57295060762034,498,0.0,10000.0,2023-03-19,2026-03-19,yfinance,cpu_emulated_fallback
3y,trailing12_4_adapt,S1_threshold_5pct,20463.42849506973,104.63428495069729,83.30430485932396,246,6.267455834390461,626.7455834390457,-252,20463.42849506973,104.63428495069729,83.30430485932396,246,0.0,10000.0,2023-03-19,2026-03-19,yfinance,cpu_emulated_fallback
3y,trailing12_4_adapt,S2_sequence_rebalance_then_profit,12740.40087299651,27.404008729965092,83.55910447894345,491,-70.96282038634175,-7096.282038634174,-7,12740.40087299651,27.404008729965092,83.55910447894345,491,0.0,10000.0,2023-03-19,2026-03-19,yfinance,cpu_emulated_fallback
3y,trailing12_4_adapt,S3_anchor_off,19836.682911630684,98.36682911630683,83.57295060762034,498,0.0,0.0,0,19836.682911630684,98.36682911630683,83.57295060762034,498,0.0,10000.0,2023-03-19,2026-03-19,yfinance,cpu_emulated_fallback
3y,trailing12_4_adapt,S4_zero_costs,20207.813970924897,102.07813970924894,83.49401273826183,498,3.7113105929421124,371.1310592942136,0,20207.813970924897,102.07813970924894,83.49401273826183,498,0.0,10000.0,2023-03-19,2026-03-19,yfinance,cpu_emulated_fallback
3y,trailing12_4_adapt,S5_profit_exec_market_close,11374.889558309713,13.74889558309713,84.62512769322058,502,-84.61793353320971,-8461.79335332097,4,11374.889558309713,13.74889558309713,84.62512769322058,502,0.0,10000.0,2023-03-19,2026-03-19,yfinance,cpu_emulated_fallback
3y,trailing12_4_adapt,S6_runtime_like_bundle,11734.282397552886,17.342823975528866,84.37368910695004,246,-81.02400514077797,-8102.400514077797,-252,11734.282397552886,17.342823975528866,84.37368910695004,246,0.0,10000.0,2023-03-19,2026-03-19,yfinance,cpu_emulated_fallback
3y,aggr_adapt_t10_tr2_rv14_b85_m8_M30,S0_prev_like_baseline,44768.06365526994,347.6806365526994,80.62382665546343,545,0.0,0.0,0,44768.06365526994,347.6806365526994,80.62382665546343,545,0.0,10000.0,2023-03-19,2026-03-19,yfinance,cpu_emulated_fallback
3y,aggr_adapt_t10_tr2_rv14_b85_m8_M30,S1_threshold_5pct,46011.156425381036,360.11156425381034,80.20572894710922,293,12.430927701110932,1243.0927701110922,-252,46011.156425381036,360.11156425381034,80.20572894710922,293,0.0,10000.0,2023-03-19,2026-03-19,yfinance,cpu_emulated_fallback
3y,aggr_adapt_t10_tr2_rv14_b85_m8_M30,S2_sequence_rebalance_then_profit,26719.012883475927,167.19012883475926,78.5104637656568,535,-180.49050771794015,-18049.050771794016,-10,26719.012883475927,167.19012883475926,78.5104637656568,535,0.0,10000.0,2023-03-19,2026-03-19,yfinance,cpu_emulated_fallback
3y,aggr_adapt_t10_tr2_rv14_b85_m8_M30,S3_anchor_off,44768.06365526994,347.6806365526994,80.62382665546343,545,0.0,0.0,0,44768.06365526994,347.6806365526994,80.62382665546343,545,0.0,10000.0,2023-03-19,2026-03-19,yfinance,cpu_emulated_fallback
3y,aggr_adapt_t10_tr2_rv14_b85_m8_M30,S4_zero_costs,45809.454385813944,358.0945438581394,80.50146641367367,544,10.413907305439977,1041.3907305440007,-1,45809.454385813944,358.0945438581394,80.50146641367367,544,0.0,10000.0,2023-03-19,2026-03-19,yfinance,cpu_emulated_fallback
3y,aggr_adapt_t10_tr2_rv14_b85_m8_M30,S5_profit_exec_market_close,11324.225193282673,13.242251932826733,84.64820453900678,543,-334.4383846198727,-33443.83846198727,-2,11324.225193282673,13.242251932826733,84.64820453900678,543,0.0,10000.0,2023-03-19,2026-03-19,yfinance,cpu_emulated_fallback
3y,aggr_adapt_t10_tr2_rv14_b85_m8_M30,S6_runtime_like_bundle,11723.66825062404,17.2366825062404,84.30948912782948,293,-330.443954046459,-33044.395404645904,-252,11723.66825062404,17.2366825062404,84.30948912782948,293,0.0,10000.0,2023-03-19,2026-03-19,yfinance,cpu_emulated_fallback
5y,original_composer,S0_prev_like_baseline,16224.129438120517,62.24129438120518,88.19803886473619,1036,0.0,0.0,0,16224.129438120517,62.24129438120518,88.19803886473619,1036,0.0,10000.0,2021-03-19,2026-03-19,yfinance,cpu_emulated_fallback
5y,original_composer,S1_threshold_5pct,16310.63061175995,63.10630611759951,88.31041412048563,443,0.8650117363943295,86.50117363943355,-593,16310.63061175995,63.10630611759951,88.31041412048563,443,0.0,10000.0,2021-03-19,2026-03-19,yfinance,cpu_emulated_fallback
5y,original_composer,S2_sequence_rebalance_then_profit,16224.129438120517,62.24129438120518,88.19803886473619,1036,0.0,0.0,0,16224.129438120517,62.24129438120518,88.19803886473619,1036,0.0,10000.0,2021-03-19,2026-03-19,yfinance,cpu_emulated_fallback
5y,original_composer,S3_anchor_off,15156.942467683533,51.56942467683534,88.19803886473619,1036,-10.67186970436984,-1067.1869704369838,0,15156.942467683533,51.56942467683534,88.19803886473619,1036,0.0,10000.0,2021-03-19,2026-03-19,yfinance,cpu_emulated_fallback
5y,original_composer,S4_zero_costs,16694.49817810761,66.94498178107608,87.98083197387498,1029,4.703687399870901,470.36873998709234,-7,16694.49817810761,66.94498178107608,87.98083197387498,1029,0.0,10000.0,2021-03-19,2026-03-19,yfinance,cpu_emulated_fallback
5y,original_composer,S5_profit_exec_market_close,16224.129438120517,62.24129438120518,88.19803886473619,1036,0.0,0.0,0,16224.129438120517,62.24129438120518,88.19803886473619,1036,0.0,10000.0,2021-03-19,2026-03-19,yfinance,cpu_emulated_fallback
5y,original_composer,S6_runtime_like_bundle,15237.753787467467,52.37753787467467,88.31041412048565,442,-9.863756506530507,-986.3756506530499,-594,15237.753787467467,52.37753787467467,88.31041412048565,442,0.0,10000.0,2021-03-19,2026-03-19,yfinance,cpu_emulated_fallback
5y,trailing12_4_adapt,S0_prev_like_baseline,37783.90040993801,277.83900409938013,84.24762114232075,1079,0.0,0.0,0,37783.90040993801,277.83900409938013,84.24762114232075,1079,0.0,10000.0,2021-03-19,2026-03-19,yfinance,cpu_emulated_fallback
5y,trailing12_4_adapt,S1_threshold_5pct,37985.350462626586,279.8535046262658,84.39761126536095,489,2.0145005268856835,201.45005268857494,-590,37985.350462626586,279.8535046262658,84.39761126536095,489,0.0,10000.0,2021-03-19,2026-03-19,yfinance,cpu_emulated_fallback
5y,trailing12_4_adapt,S2_sequence_rebalance_then_profit,33834.67999598884,238.34679995988836,83.55910447894345,1064,-39.492204139491776,-3949.2204139491732,-15,33834.67999598884,238.34679995988836,83.55910447894345,1064,0.0,10000.0,2021-03-19,2026-03-19,yfinance,cpu_emulated_fallback
5y,trailing12_4_adapt,S3_anchor_off,35298.55989514699,252.98559895146985,84.24762114232075,1070,-24.85340514791028,-2485.3405147910235,-9,35298.55989514699,252.98559895146985,84.24762114232075,1070,0.0,10000.0,2021-03-19,2026-03-19,yfinance,cpu_emulated_fallback
5y,trailing12_4_adapt,S4_zero_costs,39058.58529383203,290.58585293832033,83.9255928723411,1085,12.746848838940195,1274.6848838940205,6,39058.58529383203,290.58585293832033,83.9255928723411,1085,0.0,10000.0,2021-03-19,2026-03-19,yfinance,cpu_emulated_fallback
5y,trailing12_4_adapt,S5_profit_exec_market_close,16149.669830850762,61.49669830850761,88.22161919889105,1082,-216.34230579087253,-21634.23057908725,3,16149.669830850762,61.49669830850761,88.22161919889105,1082,0.0,10000.0,2021-03-19,2026-03-19,yfinance,cpu_emulated_fallback
5y,trailing12_4_adapt,S6_runtime_like_bundle,15167.821088334618,51.67821088334619,88.33376992872903,488,-226.16079321603394,-22616.079321603393,-591,15167.821088334618,51.67821088334619,88.33376992872903,488,0.0,10000.0,2021-03-19,2026-03-19,yfinance,cpu_emulated_fallback
5y,aggr_adapt_t10_tr2_rv14_b85_m8_M30,S0_prev_like_baseline,115035.26579192451,1050.352657919245,80.62382665546342,1136,0.0,0.0,0,115035.26579192451,1050.352657919245,80.62382665546342,1136,0.0,10000.0,2021-03-19,2026-03-19,yfinance,cpu_emulated_fallback
5y,aggr_adapt_t10_tr2_rv14_b85_m8_M30,S1_threshold_5pct,116695.88790657304,1066.9588790657303,80.20572894710921,564,16.606221146485268,1660.6221146485332,-572,116695.88790657304,1066.9588790657303,80.20572894710921,564,0.0,10000.0,2021-03-19,2026-03-19,yfinance,cpu_emulated_fallback
5y,aggr_adapt_t10_tr2_rv14_b85_m8_M30,S2_sequence_rebalance_then_profit,96101.20904154894,861.0120904154893,78.51046376565678,1131,-189.34056750375578,-18934.056750375574,-5,96101.20904154894,861.0120904154893,78.51046376565678,1131,0.0,10000.0,2021-03-19,2026-03-19,yfinance,cpu_emulated_fallback
5y,aggr_adapt_t10_tr2_rv14_b85_m8_M30,S3_anchor_off,107468.50313374153,974.6850313374154,80.62382665546342,1140,-75.66762658182972,-7566.762658182983,4,107468.50313374153,974.6850313374154,80.62382665546342,1140,0.0,10000.0,2021-03-19,2026-03-19,yfinance,cpu_emulated_fallback
5y,aggr_adapt_t10_tr2_rv14_b85_m8_M30,S4_zero_costs,119702.62055589513,1097.0262055589512,80.50146641367368,1145,46.67354763970616,4667.354763970623,9,119702.62055589513,1097.0262055589512,80.50146641367368,1145,0.0,10000.0,2021-03-19,2026-03-19,yfinance,cpu_emulated_fallback
5y,aggr_adapt_t10_tr2_rv14_b85_m8_M30,S5_profit_exec_market_close,16043.492046069881,60.434920460698805,88.26904204418375,1151,-989.9177374585463,-98991.77374585463,15,16043.492046069881,60.434920460698805,88.26904204418375,1151,0.0,10000.0,2021-03-19,2026-03-19,yfinance,cpu_emulated_fallback
5y,aggr_adapt_t10_tr2_rv14_b85_m8_M30,S6_runtime_like_bundle,15283.711988387031,52.83711988387032,88.19037504358921,560,-997.5155380353748,-99751.55380353748,-576,15283.711988387031,52.83711988387032,88.19037504358921,560,0.0,10000.0,2021-03-19,2026-03-19,yfinance,cpu_emulated_fallback
