date,SOXL,SOXS,TQQQ,SQQQ,SPXL,SPXS,TMF,TMV
2024-03-19,40.84640121459961,678.432373046875,29.243154525756836,236.99537658691406,127.2386703491211,84.49391174316406,48.56233215332031,33.269351959228516
2024-03-20,42.798988342285156,643.1167602539062,30.28115463256836,228.74900817871094,130.57069396972656,82.34894561767578,48.50621795654297,33.30719757080078
2024-03-21,45.66868591308594,602.2249145507812,30.673778533935547,225.8978729248047,131.7930908203125,81.50959014892578,48.7307014465332,33.15583801269531
2024-03-22,45.78702163696289,598.5074462890625,30.737579345703125,225.45924377441406,131.05374145507812,81.97591400146484,50.09627914428711,32.23826599121094
2024-03-25,45.25450134277344,605.9423828125,30.423479080200195,227.8717498779297,130.00877380371094,82.81523895263672,49.38542556762695,32.701778411865234
2024-03-26,44.406410217285156,620.8121337890625,30.138826370239258,229.8456268310547,128.95394897460938,83.28153228759766,49.83438491821289,32.41799545288086
2024-03-27,45.85605239868164,598.5074462890625,30.403850555419922,228.09104919433594,132.17755126953125,81.41633605957031,51.10643005371094,31.59501075744629
2024-03-28,45.88563537597656,596.6488037109375,30.212446212768555,229.8456268310547,132.1282501220703,81.41633605957031,50.975486755371094,31.680147171020508
2024-04-01,47.325416564941406,578.0615234375,30.398941040039062,228.31036376953125,131.45791625976562,81.88263702392578,48.13208770751953,33.49638748168945
2024-04-02,45.2446403503418,604.0836791992188,29.584243774414062,234.23199462890625,128.82579040527344,83.56131744384766,47.40252685546875,33.98828125
2024-04-03,45.55034637451172,600.3662109375,29.78055763244629,232.91607666015625,129.1905517578125,83.28153228759766,47.308998107910156,34.06395721435547
2024-04-04,41.78324508666992,654.26904296875,28.37692642211914,243.88197326660156,124.38964080810547,86.54566192626953,48.20691680908203,33.43016815185547
2024-04-05,43.015933990478516,630.105712890625,29.378116607666016,235.54786682128906,128.08644104003906,83.84110260009766,46.24272155761719,34.82072448730469
2024-04-08,43.39067459106445,626.3883666992188,29.397750854492188,235.54786682128906,128.22447204589844,83.84110260009766,46.20530700683594,34.83019256591797
2024-04-09,44.76142120361328,607.8011474609375,29.70203399658203,232.69671630859375,128.66806030273438,83.46805572509766,47.46800231933594,33.8936882019043
2024-04-10,42.49327850341797,637.5405883789062,28.92169189453125,239.05697631835938,124.81354522705078,86.0793685913086,44.39076614379883,36.107234954833984
2024-04-11,45.165740966796875,596.6488037109375,30.28115463256836,228.09104919433594,127.56394958496094,84.21414947509766,43.68926239013672,36.636966705322266
2024-04-12,40.93515396118164,654.26904296875,28.818626403808594,238.83763122558594,122.08283996582031,87.85130310058594,44.39076614379883,36.12615203857422
2024-04-15,39.2291145324707,680.6629638671875,27.370826721191406,250.90013122558594,117.56782531738281,91.11540985107422,42.32368850708008,37.80049514770508
2024-04-16,39.97859191894531,666.5365600585938,27.375734329223633,250.90013122558594,116.83833312988281,91.86150360107422,41.46318435668945,38.5572624206543
2024-04-17,36.546783447265625,727.6883544921875,26.359817504882812,260.111572265625,114.6991195678711,93.35365295410156,42.79134750366211,37.327518463134766
2024-04-18,34.426551818847656,767.0933227539062,25.888668060302734,264.7171936035156,113.89075469970703,94.28627014160156,42.07115173339844,37.961307525634766
2024-04-19,30.36361312866211,857.4270629882812,24.2838191986084,281.6047058105469,110.95304870605469,96.61778259277344,42.566871643066406,37.59239196777344
2024-04-22,31.625883102416992,817.2787475585938,24.99053955078125,273.4899597167969,113.8118896484375,94.19300842285156,42.295631408691406,37.762657165527344
2024-04-23,33.637630462646484,765.42041015625,26.104610443115234,261.2080993652344,117.81428527832031,90.92889404296875,42.276920318603516,37.819419860839844
2024-04-24,34.99852752685547,736.2385864257812,26.359817504882812,259.01495361328125,117.65655517578125,90.92889404296875,41.38835525512695,38.64240264892578
2024-04-25,36.89193344116211,695.904296875,25.937746047973633,263.1819763183594,116.16797637939453,92.14128112792969,40.49979019165039,39.52214050292969
2024-04-26,39.24883270263672,652.4102783203125,27.130342483520508,250.68087768554688,119.42115020751953,89.62326049804688,41.12646484375,38.8599739074707
2024-04-29,40.0476188659668,639.2135009765625,27.454256057739258,248.04901123046875,120.62384033203125,88.78390502929688,42.15532302856445,37.98023223876953
2024-04-30,37.65127182006836,679.7335815429688,25.883764266967773,262.0854187011719,114.96530151367188,92.8873519897461,41.09840393066406,38.88835144042969
2024-05-01,33.8940315246582,747.7625732421875,25.324270248413086,268.0069885253906,113.71331024169922,93.9132308959961,41.968257904052734,38.0369873046875
2024-05-02,35.945228576660156,698.8782958984375,26.26165771484375,258.3569641113281,116.75946044921875,91.48845672607422,42.389163970947266,37.753196716308594
2024-05-03,38.43033218383789,652.7821044921875,27.827255249023438,243.00466918945312,121.11673736572266,88.22433471679688,43.670562744140625,36.58966827392578
2024-05-06,40.72806930541992,613.563232421875,28.74010467529297,234.6705780029297,124.82341003417969,85.4265365600586,44.15693283081055,36.13561248779297
2024-05-07,39.801082611083984,628.0611572265625,28.74010467529297,235.1092529296875,125.29657745361328,85.14675903320312,44.99873352050781,35.45451736450195
2024-05-08,39.85039520263672,626.9458618164062,28.686115264892578,235.54786682128906,125.22757720947266,85.14675903320312,44.15693283081055,36.13561248779297
2024-05-09,39.406620025634766,634.3807983398438,28.84316635131836,234.23199462890625,127.26820373535156,83.84110260009766,44.71812438964844,35.72885513305664
2024-05-10,40.46179962158203,616.3511962890625,29.039478302001953,232.69671630859375,127.71184539794922,83.65457916259766,43.97922134399414,36.258583068847656
2024-05-13,40.698482513427734,613.3772583007812,29.230884552001953,231.38082885742188,127.73152923583984,83.56131744384766,44.28788375854492,36.059932708740234
2024-05-14,42.61161422729492,583.0802001953125,29.77564811706543,226.775146484375,129.34829711914062,82.44219207763672,45.008087158203125,35.51128005981445
2024-05-15,46.3491325378418,534.3817138671875,31.149837493896484,216.46717834472656,134.1590118408203,79.45785522460938,46.89744567871094,34.05450439453125
2024-05-16,45.61937713623047,542.9318237304688,30.958431243896484,218.00241088867188,133.15350341796875,80.20394897460938,46.70103073120117,34.1963996887207
2024-05-17,44.77128982543945,551.8536376953125,30.889720916748047,218.66036987304688,133.66612243652344,79.83090209960938,45.72828674316406,34.85857009887695
2024-05-20,47.58182144165039,516.9097290039062,31.527732849121094,214.05467224121094,134.1787567138672,79.55113220214844,45.30739212036133,35.2558708190918
2024-05-21,47.315555572509766,520.4412841796875,31.689693450927734,212.9580841064453,135.05612182617188,78.99154663085938,45.999534606933594,34.68829345703125
2024-05-22,48.69617462158203,502.9693908691406,31.670061111450195,213.396728515625,133.86326599121094,79.7376480102539,46.11177062988281,34.61262130737305
2024-05-23,48.13406753540039,512.2630004882812,31.19891357421875,216.68650817871094,130.78758239746094,81.69610595703125,45.16708755493164,35.369380950927734
2024-05-24,50.72764587402344,483.2669677734375,32.07250213623047,210.5455780029297,133.31121826171875,80.20394897460938,45.57863998413086,35.03829574584961
2024-05-28,53.29164123535156,458.360107421875,32.42095947265625,208.13307189941406,133.57742309570312,80.11068725585938,43.56768035888672,36.58966827392578
2024-05-29,50.274009704589844,488.6572265625,31.74367904663086,212.5194549560547,130.76785278320312,81.78936767578125,42.024383544921875,37.91401672363281
2024-05-30,49.30758285522461,497.3932800292969,30.722854614257812,219.7569580078125,128.13572692871094,83.37480926513672,43.146785736083984,36.87346267700195
2024-05-31,47.917110443115234,511.89117431640625,30.688501358032227,219.7569580078125,131.40863037109375,81.32307434082031,44.06340026855469,36.088314056396484
2024-06-03,47.917110443115234,508.5454406738281,30.98787498474121,217.7831268310547,131.66493225097656,81.22980499267578,46.055660247802734,34.49910354614258
2024-06-04,46.93095779418945,520.9989013671875,31.21854591369629,216.24786376953125,132.03955078125,80.85677337646484,47.6644172668457,33.2977409362793
2024-06-05,52.778839111328125,453.1556701660156,33.10314178466797,203.08876037597656,136.72215270996094,78.1522216796875,48.70263671875,32.5882682800293
2024-06-06,51.7828254699707,463.7503356933594,33.06387710571289,203.7467041015625,136.67283630371094,78.1522216796875,48.54362869262695,32.692325592041016
2024-06-07,51.15168762207031,468.3971862792969,32.941184997558594,204.40464782714844,136.01235961914062,78.52526092529297,45.81246566772461,34.52748107910156
2024-06-10,53.202880859375,448.5088806152344,33.28963851928711,202.21148681640625,137.2643585205078,77.77918243408203,44.8677864074707,35.2558708190918
2024-06-11,53.41983413696289,447.765380859375,33.97672653198242,198.04443359375,138.17127990722656,77.40613555908203,46.214664459228516,34.1963996887207
2024-06-12,57.90682601928711,410.77691650390625,35.316558837890625,190.36831665039062,141.53289794921875,75.4476547241211,47.27158737182617,33.43016815185547
2024-06-13,60.01719665527344,396.0929870605469,35.880958557128906,187.2978515625,142.4102783203125,74.98137664794922,49.273197174072266,31.982851028442383
2024-06-14,59.26771545410156,401.85504150390625,36.40118408203125,184.88534545898438,142.51870727539062,74.98137664794922,50.48912048339844,31.216623306274414
2024-06-17,61.802120208740234,383.2678527832031,37.72138595581055,178.3057861328125,145.8507537841797,73.39592742919922,48.917762756347656,32.24772262573242
2024-06-18,64.33653259277344,368.7698669433594,37.74101638793945,178.0864715576172,146.9154510498047,72.83637237548828,50.27399444580078,31.330137252807617
2024-06-20,59.188819885253906,399.0669250488281,36.852699279785156,182.47283935546875,145.69302368164062,73.39592742919922,49.25448226928711,31.992313385009766
2024-06-21,57.39402770996094,411.3345031738281,36.514068603515625,184.22738647460938,144.6579132080078,73.95551300048828,49.22642517089844,32.03960418701172
2024-06-24,52.482994079589844,446.4642639160156,35.27729415893555,190.58763122558594,143.4256591796875,74.70158386230469,49.73149871826172,31.71798324584961
2024-06-25,54.687294006347656,425.49957275390625,36.45517349243164,184.008056640625,145.11233520507812,73.82139587402344,50.037994384765625,31.523658752441406
2024-06-26,54.173057556152344,431.3283386230469,36.68327331542969,182.89013671875,145.67555236816406,73.5374755859375,47.906707763671875,32.88300704956055
2024-06-27,53.203914642333984,438.0971984863281,36.949310302734375,181.77223205566406,146.1696014404297,73.25354766845703,48.397090911865234,32.53839111328125
2024-06-28,54.74662780761719,426.439697265625,36.36797332763672,185.12599182128906,144.33175659179688,74.29461669921875,45.737701416015625,34.357242584228516
2024-07-01,54.74662780761719,427.0037536621094,36.964088439941406,181.54867553710938,145.2407989501953,73.72675323486328,43.389522552490234,36.12823486328125
2024-07-02,56.961814880371094,407.8252868652344,38.097198486328125,176.1826934814453,147.9877166748047,72.4017562866211,44.3137092590332,35.37197494506836
2024-07-03,59.72089767456055,388.08270263671875,39.03325271606445,171.9346466064453,149.86508178710938,71.54997253417969,46.086631774902344,33.95518112182617
2024-07-05,60.13624954223633,386.202392578125,40.21562957763672,166.5686798095703,152.37489318847656,70.41426849365234,47.07682800292969,33.24678039550781
2024-07-08,63.59746551513672,364.76763916015625,40.481658935546875,165.4507598876953,152.8491668701172,70.2249755859375,47.33145523071289,33.055320739746094
2024-07-09,63.53813171386719,365.3316955566406,40.570335388183594,165.22715759277344,153.2246551513672,69.94105529785156,46.69017791748047,33.52439880371094
2024-07-10,67.83003997802734,339.5723876953125,41.84139633178711,160.30838012695312,157.65133666992188,67.95355224609375,47.152278900146484,33.198917388916016
2024-07-11,61.30317687988281,373.9808349609375,39.09236526489258,170.59315490722656,153.58035278320312,69.75175476074219,48.576271057128906,32.24162292480469
2024-07-12,63.2315673828125,359.87896728515625,39.7278938293457,167.91015625,156.2778778076172,68.61605834960938,49.028934478759766,31.93528938293457
2024-07-15,63.429344177246094,360.25506591796875,40.02348709106445,166.792236328125,157.55250549316406,68.0481948852539,47.406898498535156,32.97874069213867
2024-07-16,64.57649993896484,353.2981262207031,40.05305480957031,166.792236328125,160.3290557861328,66.81783294677734,49.34957504272461,31.64810562133789
2024-07-17,50.978843688964844,427.7558288574219,36.530548095703125,181.32510375976562,153.5408172607422,69.75175476074219,49.38729476928711,31.628957748413086
2024-07-18,51.08762741088867,425.3115234375,35.983699798583984,184.00807189941406,149.92437744140625,71.45532989501953,48.26506423950195,32.346923828125
2024-07-19,46.4792594909668,464.4206237792969,35.008235931396484,189.15045166015625,146.78225708007812,73.06425476074219,47.388031005859375,32.969173431396484
2024-07-22,52.34355163574219,406.1330261230469,36.53547668457031,180.87791442871094,151.1891326904297,70.69818115234375,46.869361877441406,33.34251022338867
2024-07-23,49.97014236450195,425.12353515625,36.14134979248047,182.89013671875,150.398681640625,71.17140197753906,46.74676513671875,33.41909408569336
2024-07-24,42.424686431884766,492.4363098144531,32.244422912597656,202.56539916992188,140.22125244140625,75.9981918334961,45.171875,34.52955627441406
2024-07-25,39.33925247192383,525.7166137695312,31.17043685913086,209.49644470214844,137.91897583007812,77.13389587402344,46.27524185180664,33.73500442504883
2024-07-26,41.455543518066406,494.1285400390625,32.0621452331543,203.459716796875,142.3258819580078,74.86247253417969,47.312591552734375,32.97874069213867
2024-07-29,41.346763610839844,497.7010498046875,32.24935531616211,202.341796875,142.5729217529297,74.767822265625,48.04816436767578,32.500091552734375
2024-07-30,36.827396392822266,551.6640625,30.9339599609375,210.83792114257812,140.3793487548828,75.9981918334961,48.53855514526367,32.15547180175781
2024-07-31,43.89817428588867,440.1654968261719,33.63865280151367,192.0570526123047,146.94033813476562,72.30712890625,50.037994384765625,31.169456481933594
2024-08-01,34.61220932006836,535.1178588867188,31.21477508544922,206.1427001953125,140.83387756347656,75.33568572998047,51.37711715698242,30.34618377685547
2024-08-02,29.014925003051758,624.9935913085938,28.938697814941406,221.12271118164062,132.90931701660156,79.68924713134766,56.026329040527344,27.60832977294922
2024-08-05,27.580989837646484,654.137451171875,26.416292190551758,241.24508666992188,121.27936553955078,86.59817504882812,56.884498596191406,27.215837478637695
2024-08-06,28.263343811035156,637.96728515625,27.07645034790039,234.53762817382812,124.451171875,84.32675170898438,53.21605682373047,28.92938995361328
2024-08-07,25.92949104309082,693.4345092773438,26.204448699951172,242.139404296875,121.9710464477539,86.12496948242188,51.86750411987305,29.647361755371094
2024-08-08,31.111434936523438,549.9718627929688,28.60369110107422,220.0048065185547,130.2513427734375,80.06782531738281,50.93388366699219,30.231307983398438
2024-08-09,30.666419982910156,559.5610961914062,28.992889404296875,216.87464904785156,131.76312255859375,79.12139892578125,52.46162033081055,29.331451416015625
2024-08-12,31.061986923217773,550.1598510742188,29.189952850341797,215.75672912597656,132.01016235351562,79.0267562866211,53.027442932128906,29.025121688842773
2024-08-13,34.88911056518555,483.7871398925781,31.313308715820312,199.8824005126953,138.46243286132812,75.14640045166016,54.036502838134766,28.479463577270508
2024-08-14,34.661659240722656,488.2998046875,31.36750030517578,199.65882873535156,139.82598876953125,74.48389434814453,55.08328628540039,27.95295524597168
2024-08-15,39.477699279785156,417.2264709472656,33.727325439453125,184.67881774902344,146.90081787109375,70.79283142089844,53.68758010864258,28.670921325683594
2024-08-16,39.28980255126953,421.363037109375,33.816009521484375,184.00807189941406,147.70115661621094,70.41426849365234,54.16852951049805,28.422025680541992
2024-08-19,41.13908386230469,400.1162414550781,35.1264762878418,177.30059814453125,151.95986938476562,68.52140045166016,54.9229736328125,28.01996421813965
2024-08-20,39.645816802978516,415.7222595214844,34.909706115722656,178.64207458496094,151.15953063964844,68.89997863769531,56.29981994628906,27.3498592376709
2024-08-21,41.267642974853516,398.6120300292969,35.38758087158203,175.73553466796875,152.67129516601562,68.14283752441406,56.29981994628906,27.311569213867188
2024-08-22,37.09440231323242,438.6612854003906,33.68791961669922,184.23167419433594,148.96591186523438,69.8464126586914,54.62119674682617,28.15398406982422
2024-08-23,39.952388763427734,404.6288146972656,34.747127532958984,178.4185333251953,153.5309600830078,67.66962432861328,55.611392974853516,27.665767669677734
2024-08-26,36.95595169067383,435.2768249511719,33.727325439453125,184.00807189941406,152.45391845703125,68.23748779296875,55.1870231628418,27.85722541809082
2024-08-27,38.06354904174805,420.9869384765625,34.01306915283203,182.21942138671875,153.02700805664062,67.95355224609375,54.88524627685547,28.039112091064453
2024-08-28,36.19448471069336,443.7379455566406,32.860252380371094,188.7032928466797,150.34927368164062,69.18390655517578,54.68720626831055,28.125267028808594
2024-08-29,35.789024353027344,448.0625305175781,32.68781661987305,189.37405395507812,150.34927368164062,69.27854919433594,54.074222564697266,28.469892501831055
2024-08-30,38.36022186279297,414.97015380859375,33.80122756958008,183.33731079101562,154.3214111328125,67.38569641113281,52.40503692626953,29.379318237304688
2024-09-03,29.736833572387695,508.98248291015625,30.717191696166992,200.1060028076172,144.85543823242188,71.6446304321289,54.87581253051758,27.972097396850586
2024-09-04,29.96428680419922,504.0938415527344,30.456083297729492,201.44747924804688,143.7487335205078,72.02320098876953,56.92222213745117,26.94779396057129
2024-09-05,29.420381546020508,513.1190795898438,30.554615020751953,201.22390747070312,142.68161010742188,72.68569946289062,57.86526870727539,26.497867584228516
2024-09-06,25.672372817993164,579.6796875,28.076547622680664,217.32180786132812,135.49813842773438,76.28211975097656,57.82754898071289,26.536155700683594
2024-09-09,27.126087188720703,544.7070922851562,29.120981216430664,209.27284240722656,139.8951873779297,73.82139587402344,58.49711227416992,26.239398956298828
2024-09-10,28.035892486572266,527.7849731445312,29.904308319091797,203.90689086914062,141.6638641357422,72.96961975097656,59.69478225708008,25.70331382751465
2024-09-11,31.863018035888672,454.2673645019531,31.81089210510254,190.7155303955078,145.91268920898438,70.69818115234375,59.55332565307617,25.75118064880371
2024-09-12,31.457555770874023,461.4122314453125,32.751869201660156,185.12599182128906,149.54891967773438,68.99462890625,58.723445892333984,26.105379104614258
2024-09-13,33.059608459472656,437.9091491699219,33.180477142333984,182.66659545898438,151.7029571533203,67.95355224609375,59.13837814331055,25.97135353088379
2024-09-16,31.803680419921875,454.455322265625,32.73708724975586,185.57315063476562,152.34521484375,67.66962432861328,60.66611862182617,25.24381446838379
2024-09-17,31.803680419921875,454.0793151855469,32.75679397583008,185.12599182128906,152.5428466796875,67.76426696777344,59.807945251464844,25.617158889770508
2024-09-18,30.794981002807617,468.55718994140625,32.32818603515625,187.80897521972656,151.0310821533203,68.42676544189453,57.667232513427734,26.593597412109375
2024-09-19,34.73088455200195,408.765380859375,34.771766662597656,173.4997100830078,158.7283477783203,64.83032989501953,57.06367492675781,26.8712100982666
2024-09-20,33.178279876708984,426.81573486328125,34.55006790161133,175.06478881835938,157.65133666992188,65.39818572998047,56.39412307739258,27.18712043762207
2024-09-23,33.54418182373047,423.0552062988281,34.80624771118164,173.72329711914062,158.90621948242188,64.83032989501953,55.94145584106445,27.40729331970215
2024-09-24,34.742897033691406,407.55120849609375,35.29890441894531,171.04031372070312,160.19525146484375,64.38956451416016,55.974708557128906,27.413101196289062
2024-09-25,35.406646728515625,399.5711669921875,35.422462463378906,170.33343505859375,159.0575714111328,64.7728500366211,54.49269104003906,28.139087677001953
2024-09-26,39.280174255371094,357.2010498046875,36.1737174987793,166.91307067871094,161.02627563476562,64.10212707519531,54.815696716308594,27.9648494720459
2024-09-27,37.30873489379883,374.3011169433594,35.55097198486328,169.87738037109375,160.10623168945312,64.48538970947266,55.594703674316406,27.616378784179688
2024-09-30,36.33787536621094,384.7511291503906,35.8277473449707,168.50926208496094,162.19361877441406,63.71884536743164,54.87269592285156,27.984207153320312
2024-10-01,33.514461517333984,417.2412414550781,34.31041717529297,176.03402709960938,157.61322021484375,65.53939056396484,55.974708557128906,27.413101196289062
2024-10-02,34.63391876220703,399.19122314453125,34.43891906738281,174.89390563964844,157.74183654785156,65.4435806274414,54.597190856933594,28.100366592407227
2024-10-03,34.88158416748047,396.5311584472656,34.35984420776367,175.80599975585938,156.8118896484375,65.82683563232422,53.058170318603516,28.87474822998047
2024-10-04,36.33787536621094,380.381103515625,35.57073974609375,169.4213409423828,160.89764404296875,64.19794464111328,50.95864486694336,30.05567741394043
2024-10-07,36.07039260864258,384.37115478515625,34.39937973022461,175.12193298339844,156.58433532714844,65.82683563232422,49.856632232666016,30.713903427124023
2024-10-08,37.11060333251953,372.21112060546875,35.89200210571289,167.369140625,160.89764404296875,64.00630187988281,50.065635681152344,30.5396671295166
2024-10-09,38.2498779296875,360.62103271484375,36.756927490234375,163.49273681640625,164.14251708984375,62.76066589355469,49.18212127685547,31.130136489868164
2024-10-10,37.47715377807617,368.60107421875,36.62842559814453,164.1768035888672,163.28182983398438,63.04811477661133,48.526615142822266,31.556041717529297
2024-10-11,38.3093147277832,360.2410583496094,36.72233200073242,163.49273681640625,165.97268676757812,61.99412155151367,47.975608825683594,31.923877716064453
2024-10-14,40.43926239013672,340.4809875488281,37.66139221191406,159.38832092285156,170.05844116210938,60.65267562866211,48.01361083984375,31.89483642578125
2024-10-15,34.14849090576172,393.3011474609375,36.15889358520508,166.00099182128906,166.10128784179688,62.08994674682617,49.81863021850586,30.69454574584961
2024-10-16,34.138580322265625,393.3011474609375,36.13912582397461,165.77297973632812,168.1293182373047,61.22758483886719,50.31263732910156,30.41383171081543
2024-10-17,34.88158416748047,383.99114990234375,36.24785232543945,165.54495239257812,168.2183380126953,61.323402404785156,47.994606018066406,31.836755752563477
2024-10-18,34.9410285949707,384.18109130859375,36.8903694152832,162.58065795898438,169.91993713378906,60.748497009277344,48.07060623168945,31.807722091674805
2024-10-21,34.76270294189453,386.2711181640625,37.093013763427734,161.89659118652344,169.13841247558594,60.940128326416016,45.524574279785156,33.47263717651367
2024-10-22,34.36643981933594,390.64117431640625,37.201744079589844,161.21250915527344,168.7130126953125,61.03594970703125,45.638580322265625,33.39520263671875
2024-10-23,33.4847412109375,400.9012145996094,35.481773376464844,168.96530151367188,164.01390075683594,62.76066589355469,45.2775764465332,33.6759147644043
2024-10-24,33.97016906738281,394.8211669921875,36.326934814453125,165.08889770507812,165.04275512695312,62.37739562988281,46.085079193115234,33.10480880737305
2024-10-25,34.95093536376953,383.4211120605469,36.939796447753906,162.12460327148438,164.75587463378906,62.66485595703125,45.24907302856445,33.695274353027344
2024-10-28,35.02027893066406,382.8511047363281,36.97439193725586,162.12460327148438,166.2694854736328,62.185760498046875,44.89756393432617,33.96630859375
2024-10-29,37.62574768066406,355.301025390625,37.997474670410156,157.79214477539062,166.9817657470703,61.802490234375,45.02106857299805,33.8985481262207
2024-10-30,33.69278335571289,392.9211730957031,37.15231704711914,160.98448181152344,165.45826721191406,62.37739562988281,45.42957305908203,33.54039764404297
2024-10-31,29.809343338012695,438.52130126953125,34.32524108886719,173.2977294921875,155.64454650878906,66.01847839355469,45.62907791137695,33.433921813964844
2024-11-01,30.542442321777344,426.1712341308594,35.056724548339844,169.6493682861328,157.47471618652344,65.34774780273438,43.70055389404297,34.866519927978516
2024-11-04,30.066919326782227,432.8212585449219,34.730525970458984,171.4735565185547,156.46563720703125,65.92266082763672,45.648075103759766,33.28872299194336
2024-11-05,31.087310791015625,417.81121826171875,36.0501594543457,164.8608856201172,162.0452117919922,63.52721405029297,46.36058044433594,32.77569580078125
2024-11-06,33.801753997802734,381.9010925292969,38.976078033447266,151.6355438232422,174.0947265625,58.736324310302734,42.64603805541992,35.427947998046875
2024-11-07,35.87226104736328,357.77105712890625,40.79983901977539,144.52117919921875,178.16070556640625,57.394874572753906,44.11855697631836,34.17926025390625
2024-11-08,35.0797233581543,366.1310729980469,40.89868927001953,144.24755859375,180.27777099609375,56.72414779663086,45.7525749206543,32.95960998535156
2024-11-11,32.46434783935547,394.2511291503906,40.82455062866211,144.52117919921875,180.74273681640625,56.72414779663086,45.125572204589844,33.433921813964844
2024-11-12,31.37460708618164,407.17120361328125,40.602142333984375,145.2964630126953,178.92247009277344,57.20323944091797,43.06404495239258,34.91492462158203
2024-11-13,29.413076400756836,433.9612731933594,40.42422103881836,145.9805450439453,179.21925354003906,57.10741424560547,41.895530700683594,35.86354446411133
2024-11-14,29.32391357421875,434.1512756347656,39.569175720214844,149.03604125976562,175.64791870117188,58.25722885131836,42.570037841796875,35.32147979736328
2024-11-15,26.411334991455078,477.4714050292969,36.70750045776367,160.0267791748047,168.72293090820312,60.55686569213867,42.161537170410156,35.6602668762207
2024-11-18,27.411914825439453,457.90130615234375,37.4488639831543,156.6976318359375,170.83998107910156,59.790313720703125,42.33253479003906,35.54410934448242
2024-11-19,27.59023666381836,455.43133544921875,38.20011901855469,153.64212036132812,172.6107940673828,59.31122970581055,42.9880485534668,34.953643798828125
2024-11-20,26.876951217651367,467.9713439941406,38.15563201904297,153.77896118164062,172.63058471679688,59.21540832519531,42.598541259765625,35.360191345214844
2024-11-21,28.224266052246094,445.17132568359375,38.53126525878906,152.27398681640625,175.26210021972656,58.25722885131836,42.38003921508789,35.52474594116211
2024-11-22,28.224266052246094,444.9812927246094,38.67459487915039,151.7723388671875,176.82518005371094,57.77813720703125,42.47503662109375,35.418270111083984
2024-11-25,29.056432723999023,431.87127685546875,38.85251998901367,151.17947387695312,178.49705505371094,57.394874572753906,45.69557571411133,32.80472946166992
2024-11-26,27.86762237548828,449.16131591796875,39.45549774169922,148.76243591308594,181.35610961914062,56.340877532958984,45.25857162475586,33.04672622680664
2024-11-27,26.728349685668945,467.4013671875,38.501609802246094,152.3651885986328,179.47645568847656,57.011600494384766,46.18958282470703,32.417545318603516
2024-11-29,27.79827880859375,449.351318359375,39.48515319824219,148.5800018310547,182.71142578125,55.95760726928711,47.30109405517578,31.565725326538086
2024-12-02,29.918317794799805,414.961181640625,40.7652473449707,143.79151916503906,183.6907958984375,55.67015075683594,47.79510498046875,31.26565170288086
2024-12-03,29.452701568603516,421.9912109375,41.12604522705078,142.51458740234375,183.86888122558594,55.67015075683594,46.60759353637695,32.13683319091797
2024-12-04,30.59197425842285,405.0811462402344,42.628543853759766,137.315673828125,187.14341735839844,54.711971282958984,48.04210662841797,31.052698135375977
2024-12-05,28.848392486572266,428.26123046875,42.27762985229492,138.54698181152344,186.27284240722656,54.999427795410156,48.31761169433594,30.907501220703125
2024-12-06,29.333820343017578,420.6612243652344,43.36497116088867,134.9442138671875,187.19290161132812,54.711971282958984,48.42211151123047,30.878459930419922
2024-12-09,28.957365036010742,426.55126953125,42.351768493652344,138.22776794433594,184.16566467285156,55.67015075683594,47.225093841552734,31.62380027770996
2024-12-10,26.807607650756836,457.5213623046875,41.89212417602539,139.73269653320312,182.50367736816406,56.14924240112305,46.436588287353516,32.15618896484375
2024-12-11,28.848392486572266,424.08123779296875,44.13105010986328,132.2079315185547,186.61911010742188,54.80779266357422,45.125572204589844,33.05640411376953
2024-12-12,28.19454574584961,433.9612731933594,43.256229400634766,134.85301208496094,183.70071411132812,55.67015075683594,43.46304702758789,34.30509948730469
2024-12-13,30.413654327392578,397.2911682128906,44.18541717529297,131.9342803955078,183.43360900878906,55.861785888671875,42.313533782958984,35.282752990722656
2024-12-16,32.20677185058594,375.631103515625,46.10802459716797,126.324951171875,185.6397247314453,55.191062927246094,42.437034606933594,35.08915710449219
2024-12-17,30.839641571044922,391.40118408203125,45.49021530151367,128.01231384277344,183.16648864746094,55.861785888671875,42.77903747558594,34.83749008178711
2024-12-18,27.57042121887207,436.6213073730469,40.57248306274414,141.8305206298828,166.9224090576172,60.84431457519531,41.202022552490234,36.14425277709961
2024-12-19,26.054691314697266,457.5213623046875,39.99916458129883,143.8827362060547,166.56625366210938,61.03594970703125,39.30199432373047,37.76076889038086
2024-12-20,27.045364379882812,439.0912780761719,41.03708267211914,140.234375,172.07659912109375,59.02377700805664,39.91950225830078,37.24774932861328
2024-12-23,29.396921157836914,399.2789001464844,42.18009567260742,136.23809814453125,175.5365753173828,57.86455535888672,38.79780578613281,38.268104553222656
2024-12-24,30.281112670898438,387.7279052734375,43.856197357177734,130.85040283203125,181.01744079589844,56.02911376953125,39.23070526123047,37.84052276611328
2024-12-26,30.370527267456055,387.7279052734375,43.7619743347168,131.22520446777344,181.02735900878906,56.02911376953125,39.144126892089844,37.898834228515625
2024-12-27,29.49626922607422,397.9312744140625,41.98174285888672,136.56605529785156,175.31854248046875,57.96115493774414,38.20135498046875,38.90946578979492
2024-12-30,27.757686614990234,419.878173828125,40.29573059082031,142.14112854003906,169.22317504882812,59.893192291259766,39.105648040771484,37.947418212890625
2024-12-31,27.131797790527344,432.584228515625,39.2394905090332,145.8890838623047,167.2012939453125,60.66600799560547,38.45148468017578,38.608219146728516
2025-01-02,27.489450454711914,425.84619140625,38.991546630859375,146.82606506347656,165.8236541748047,61.149017333984375,38.73046112060547,38.374996185302734
2025-01-03,29.62541961669922,392.9259033203125,40.86103820800781,139.7986602783203,171.82980346679688,58.92717361450195,38.31679916381836,38.81229019165039
2025-01-06,32.27799987792969,358.6579895019531,42.254478454589844,134.97317504882812,174.9022674560547,57.96115493774414,37.874271392822266,39.27873611450195
2025-01-07,30.946741104125977,372.711669921875,39.97836685180664,142.28170776367188,169.01504516601562,59.893192291259766,36.53708267211914,40.648929595947266
2025-01-08,29.983070373535156,384.26263427734375,40.00811767578125,142.18798828125,169.45114135742188,59.69998550415039,36.642906188964844,40.4740104675293
2025-01-10,27.87690544128418,412.9476013183594,38.09894943237305,149.12168884277344,161.64112854003906,62.404842376708984,35.88291931152344,41.397178649902344
2025-01-13,27.66827392578125,415.642822265625,37.70224380493164,150.62088012695312,162.33493041992188,62.11503982543945,35.68089294433594,41.55266571044922
2025-01-14,27.936513900756836,409.8673095703125,37.568355560302734,151.13623046875,162.76109313964844,62.11503982543945,35.5750732421875,41.74702072143555
2025-01-15,29.74463653564453,384.8401794433594,40.1072883605957,140.9230499267578,171.61175537109375,58.637367248535156,37.39326858520508,39.59941864013672
2025-01-16,29.7943115234375,383.6850891113281,39.28908157348633,143.78085327148438,170.76931762695312,59.12038040161133,37.79731369018555,39.18156051635742
2025-01-17,32.27799987792969,352.8824462890625,41.227996826171875,136.75344848632812,175.5365753173828,57.38154220581055,37.88389587402344,39.10382080078125
2025-01-21,33.47016525268555,339.7913513183594,41.912315368652344,134.45782470703125,180.22454833984375,55.83591079711914,38.913246154785156,38.12233352661133
2025-01-22,34.9206428527832,325.3526306152344,43.53882598876953,129.3512420654297,183.14834594726562,54.96649932861328,38.33604049682617,38.61793899536133
2025-01-23,34.692138671875,327.2778015136719,43.806602478027344,128.5548095703125,186.16134643554688,54.097076416015625,37.450992584228516,39.55083084106445
2025-01-24,32.43695831298828,348.2620544433594,43.018150329589844,130.85040283203125,184.3376922607422,54.5800895690918,37.84541702270508,39.123252868652344
2025-01-27,24.8964786529541,427.7713317871094,39.244449615478516,142.42222595214844,176.61688232421875,56.80192947387695,39.25957107543945,37.67532730102539
2025-01-28,25.204458236694336,423.5359802246094,40.98501205444336,136.05068969726562,180.89852905273438,55.44950485229492,39.06716537475586,37.850242614746094
2025-01-29,25.512434005737305,419.3006286621094,40.73210906982422,136.94082641601562,178.62884521484375,56.22231674194336,38.83628845214844,38.05431365966797
2025-01-30,26.97283935546875,393.8884582519531,41.24287414550781,135.16055297851562,181.4039764404297,55.44950485229492,39.29804611206055,37.714195251464844
2025-01-31,26.84368896484375,396.7762145996094,41.01972198486328,136.00384521484375,178.38107299804688,56.31892013549805,38.38414001464844,38.45273208618164
2025-02-03,25.44289207458496,417.1829528808594,40.02794647216797,139.23648071289062,174.58509826660156,57.574745178222656,39.39424514770508,37.54899597167969
2025-02-04,26.078716278076172,406.20953369140625,41.480899810791016,134.22357177734375,177.93505859375,56.31892013549805,39.72132873535156,37.25746154785156
2025-02-05,27.519254684448242,382.5299987792969,42.02141189575195,132.5369873046875,180.20474243164062,55.73931121826172,41.6742057800293,35.4305419921875
2025-02-06,27.509319305419922,385.03271484375,42.65119171142578,130.4287872314453,182.03831481933594,55.159698486328125,41.72230911254883,35.44026565551758
2025-02-07,26.158191680908203,402.55169677734375,41.024688720703125,135.5353546142578,176.90432739257812,56.80192947387695,40.80839538574219,36.17880630493164
2025-02-10,27.171537399291992,387.5354309082031,42.46771240234375,130.7567138671875,180.32366943359375,55.642704010009766,40.404361724853516,36.52864074707031
2025-02-11,27.22121238708496,386.9578552246094,42.165218353271484,131.64686584472656,180.70030212402344,55.546104431152344,39.64436721801758,37.22831344604492
2025-02-12,27.36029815673828,385.6102600097656,42.24951934814453,131.45947265625,179.0550537109375,56.02911376953125,38.03781509399414,38.77342224121094
2025-02-13,28.28422737121582,371.1715393066406,44.02975082397461,125.88439178466797,184.48635864257812,54.290283203125,39.836769104003906,36.86875534057617
2025-02-14,28.363706588745117,371.364013671875,44.54547882080078,124.57259368896484,184.31788635253906,54.38688659667969,40.490936279296875,36.34400939941406
2025-02-18,29.7943115234375,352.6899719238281,44.82317352294922,123.72930908203125,185.74505615234375,54.00047302246094,39.05754470825195,37.64617156982422
2025-02-19,31.2646541595459,335.74847412109375,44.82813262939453,123.68245697021484,187.0731658935547,53.614070892333984,39.201847076416016,37.52956008911133
2025-02-20,31.493154525756836,333.2458190917969,44.282657623291016,125.36904907226562,184.66477966308594,54.290283203125,39.50969314575195,37.150569915771484
2025-02-21,28.62200927734375,363.66339111328125,41.510650634765625,133.23974609375,175.18968200683594,57.284942626953125,40.99118423461914,35.858123779296875
2025-02-24,26.585386276245117,388.49798583984375,40.018028259277344,138.0652313232422,172.64251708984375,58.15435791015625,41.30864334106445,35.55687713623047
2025-02-25,24.906414031982422,413.5251159667969,38.49070358276367,143.31236267089844,169.97640991210938,58.92717361450195,43.41544723510742,33.749393463134766
2025-02-26,26.118453979492188,392.15582275390625,38.7386474609375,142.37539672851562,170.1052703857422,59.02377700805664,44.1369514465332,33.185768127441406
2025-02-27,21.60807991027832,462.42425537109375,35.52530288696289,154.22828674316406,162.0970458984375,61.825233459472656,43.28076171875,33.866004943847656
2025-02-28,22.581682205200195,440.0924072265625,37.15181350708008,147.107177734375,169.3520050048828,59.02377700805664,44.810359954833984,32.66101837158203
2025-03-03,20.376169204711914,486.29632568359375,34.75171661376953,156.61758422851562,160.56082153320312,62.0184326171875,45.43566131591797,32.19457244873047
2025-03-04,20.515256881713867,478.78814697265625,34.3698844909668,158.39788818359375,154.82225036621094,64.33688354492188,43.76177215576172,33.39955520629883
2025-03-05,21.806772232055664,448.1780700683594,35.70878219604492,152.30746459960938,159.0741424560547,62.3082389831543,42.71317672729492,34.20612716674805
2025-03-06,19.104520797729492,502.852783203125,32.74833297729492,164.76939392089844,151.18482971191406,65.59270477294922,42.24179458618164,34.536529541015625
2025-03-07,20.74375343322754,460.11407470703125,33.427703857421875,161.4899444580078,153.32566833496094,64.62670135498047,41.79927062988281,34.97382354736328
2025-03-10,17.87261199951172,523.0669555664062,29.658967971801758,179.76119995117188,141.2340545654297,69.74658966064453,43.11722183227539,33.83685302734375
2025-03-11,17.296396255493164,542.70361328125,29.311843872070312,181.77574157714844,137.56692504882812,71.58202362060547,42.164833068847656,34.633705139160156
2025-03-12,18.18058967590332,509.01324462890625,30.31353759765625,175.6384735107422,139.60861206054688,70.51940155029297,41.38560485839844,35.284786224365234
2025-03-13,17.971960067749023,516.1363525390625,28.657276153564453,185.2425994873047,134.13766479492188,73.41746520996094,42.42457580566406,34.37132263183594
2025-03-14,19.670801162719727,469.73992919921875,30.69040870666504,172.07791137695312,142.1260528564453,68.97378540039062,41.731929779052734,34.94466018676758
2025-03-17,20.654342651367188,447.0229797363281,31.28547477722168,168.75160217285156,145.23814392089844,67.42814636230469,42.33799362182617,34.47821807861328
2025-03-18,19.79995346069336,460.8841247558594,29.708555221557617,177.27818298339844,140.8276824951172,69.64999389648438,42.520774841308594,34.34217071533203
2025-03-19,20.24701690673828,453.37603759765625,30.863971710205078,170.5318603515625,145.1192169189453,67.42814636230469,43.107601165771484,33.875728607177734
2025-03-20,19.79995346069336,463.3868713378906,30.54660415649414,172.17161560058594,144.10829162597656,67.91114807128906,43.25189971923828,33.73967742919922
2025-03-21,19.15419578552246,479.5582275390625,30.834217071533203,170.5318603515625,144.0290069580078,67.91114807128906,42.40533447265625,34.41991424560547
2025-03-24,20.862972259521484,437.9747009277344,32.79296875,159.89706420898438,151.5614776611328,64.43348693847656,41.068138122558594,35.53744125366211
2025-03-25,20.479293823242188,444.08868408203125,33.378108978271484,157.03924560546875,152.64927673339844,63.98344802856445,41.06620407104492,35.52761459350586
2025-03-26,18.725353240966797,482.51947021484375,31.522005081176758,165.6997528076172,147.31967163085938,66.2336196899414,40.27199935913086,36.265106201171875
2025-03-27,17.698894500732422,510.0809020996094,30.9848690032959,168.59925842285156,145.9674072265625,66.72279357910156,39.89426803588867,36.59943389892578
2025-03-28,15.974847793579102,558.7986450195312,28.518014907836914,182.0510711669922,137.14768981933594,70.9296646118164,41.453617095947266,35.134273529052734
2025-03-31,15.895122528076172,562.6805419921875,28.498119354248047,182.2412109375,139.59373474121094,69.65782165527344,42.615875244140625,34.16078567504883
2025-04-01,15.895122528076172,562.0983276367188,29.15462303161621,177.96322631835938,140.90626525878906,68.97297668457031,43.720008850097656,33.275787353515625
2025-04-02,16.204055786132812,550.4525756835938,29.806148529052734,173.970458984375,143.53128051757812,67.70113372802734,43.632843017578125,33.324954986572266
2025-04-03,11.370742797851562,714.462646484375,25.016674041748047,202.15748596191406,123.11772155761719,77.48454284667969,44.262393951416016,32.862789154052734
2025-04-04,8.699963569641113,883.5191040039062,20.436086654663086,239.3757781982422,100.92430877685547,91.37696838378906,45.69583511352539,31.810632705688477
2025-04-07,9.118517875671387,821.9910278320312,20.51566505432129,238.47265625,100.17857360839844,91.768310546875,41.50204849243164,34.711448669433594
2025-04-08,8.221614837646484,912.6333618164062,19.346893310546875,251.7818603515625,95.56488800048828,96.26866912841797,39.1388053894043,36.6781005859375
2025-04-09,12.72606372833252,401.7760314941406,26.16555404663086,162.94284057617188,121.90464782714844,69.26648712158203,39.88458251953125,36.137271881103516
2025-04-10,9.596866607666016,493.9710388183594,22.94770050048828,181.62327575683594,109.4655990600586,76.21269989013672,36.581851959228516,39.14625549316406
2025-04-11,10.194802284240723,463.1099548339844,24.161237716674805,172.1642303466797,115.08355712890625,72.2993392944336,37.104862213134766,38.556251525878906
2025-04-14,10.433977127075195,454.763916015625,24.668529510498047,168.5041961669922,118.46427154541016,70.34265899658203,37.850643157958984,37.720428466796875
2025-04-15,10.563529968261719,448.1646423339844,24.76302719116211,167.9813232421875,117.61908721923828,70.83182525634766,38.24774932861328,37.35660171508789
2025-04-16,9.30786418914795,500.95843505859375,22.52495574951172,183.19186401367188,109.7638931274414,75.52786254882812,38.925724029541016,36.73710250854492
2025-04-17,9.168346405029297,510.0809020996094,22.46030044555664,183.6671905517578,110.0124740600586,75.62569427490234,37.87001419067383,37.74009704589844
2025-04-21,8.680032730102539,536.8660278320312,20.819046020507812,197.21408081054688,102.17717742919922,80.81089782714844,35.894187927246094,39.7657470703125
2025-04-22,9.148415565490723,506.39306640625,22.410566329956055,181.95599365234375,109.80367279052734,74.74519348144531,36.475311279296875,39.097084045410156
2025-04-23,10.254596710205078,448.3587646484375,23.89763832092285,169.9777069091797,115.1829833984375,71.12533569335938,37.521339416503906,37.94659423828125
2025-04-24,11.958712577819824,370.33270263671875,25.93179702758789,155.52772521972656,122.31232452392578,66.72279357910156,38.5964241027832,36.855098724365234
2025-04-25,12.2975435256958,360.6279296875,26.787240982055664,150.44168090820312,124.90751647949219,65.3531265258789,39.332515716552734,36.17660140991211
2025-04-28,12.24771499633789,363.34527587890625,26.767345428466797,150.63182067871094,125.10637664794922,65.3531265258789,40.13640213012695,35.42927551269531
2025-04-29,11.819193840026855,374.990966796875,27.289562225341797,147.73228454589844,127.28395080566406,64.17910766601562,41.09526443481445,34.56394958496094
2025-04-30,12.118162155151367,366.0625915527344,27.29453468322754,147.63723754882812,127.3635025024414,64.27694702148438,40.2913703918457,35.32110595703125
2025-05-01,12.058368682861328,367.8094787597656,28.234525680541992,142.64630126953125,130.05813598632812,62.8094367980957,39.49716567993164,36.00943374633789
2025-05-02,13.244274139404297,330.54327392578125,29.55747413635254,135.99168395996094,135.77552795410156,60.07008743286133,38.296173095703125,37.15009689331055
2025-05-05,13.00510025024414,337.33660888671875,29.04520606994629,138.5109100341797,133.4686737060547,61.04842758178711,37.540706634521484,37.66142654418945
2025-05-06,12.596510887145996,348.3999938964844,28.219608306884766,142.26602172851562,130.14764404296875,62.61376953125,37.850643157958984,37.504093170166016
2025-05-07,13.234308242797852,330.54327392578125,28.547855377197266,140.6974334716797,131.7484893798828,61.92892837524414,38.36397171020508,36.99276351928711
2025-05-08,13.613001823425293,320.2562561035156,29.39832305908203,136.51454162597656,134.4331817626953,60.65708923339844,37.13392639160156,38.172760009765625
2025-05-09,14.061452865600586,310.5515441894531,29.32869529724121,136.89480590820312,133.7570343017578,60.95058822631836,37.25014877319336,38.094093322753906
2025-05-12,17.071062088012695,243.39476013183594,32.87976837158203,120.35334777832031,146.89212036132812,54.98271560668945,36.25254821777344,39.224918365478516
2025-05-13,18.5360050201416,223.01483154296875,34.38673782348633,114.83953094482422,149.79554748535156,53.80870819091797,35.748905181884766,39.73625183105469
2025-05-14,18.775178909301758,220.1033935546875,34.99350357055664,112.8431396484375,150.34243774414062,53.71087646484375,35.06124496459961,40.493412017822266
2025-05-15,18.406450271606445,224.17938232421875,35.10292434692383,112.41534423828125,152.46035766601562,52.928199768066406,35.923240661621094,39.42158508300781
2025-05-16,18.32672691345215,225.1498565673828,35.535614013671875,111.1319580078125,155.36380004882812,51.949859619140625,36.21380615234375,39.16592025756836
2025-05-19,17.997861862182617,229.41993713378906,35.63011169433594,110.94182586669922,155.7913360595703,51.75419616699219,35.86513137817383,39.53958511352539
2025-05-20,17.908170700073242,230.5845184326172,35.257102966308594,112.1301498413086,154.05126953125,52.3411979675293,35.051551818847656,40.46391296386719
2025-05-21,16.941509246826172,243.39476013183594,33.7899169921875,116.7408447265625,146.385009765625,54.98271560668945,33.298492431640625,42.46006393432617
2025-05-22,16.453195571899414,250.1880645751953,33.9639892578125,116.17044067382812,146.31539916992188,54.98271560668945,33.78276443481445,41.909400939941406
2025-05-23,15.675878524780273,261.833740234375,32.98421096801758,119.59282684326172,143.33241271972656,56.25455856323242,33.889305114746094,41.78157043457031
2025-05-27,17.230512619018555,235.6309814453125,35.28196716308594,111.2270278930664,152.152099609375,52.83036804199219,35.371177673339844,39.91324996948242
2025-05-28,16.981372833251953,239.51287841796875,34.82938003540039,112.74807739257812,149.32821655273438,53.71087646484375,34.79973220825195,40.621246337890625
2025-05-29,17.140823364257812,236.9896240234375,34.998477935791016,112.0826187133789,151.3566436767578,53.123870849609375,35.77796173095703,39.480587005615234
2025-05-30,16.114364624023438,251.5467529296875,34.814456939697266,112.79561614990234,150.58108520507812,53.31953811645508,35.77796173095703,39.46091842651367
2025-06-02,16.841854095458984,240.09515380859375,35.61519241333008,110.18130493164062,153.08677673339844,52.439029693603516,34.85784912109375,40.4737434387207
2025-06-03,18.237035751342773,220.2974853515625,36.445762634277344,107.6145248413086,155.7217559814453,51.55852508544922,34.72224807739258,40.68024444580078
2025-06-04,19.02431869506836,210.98094177246094,36.739200592041016,106.85400390625,155.41351318359375,51.65635681152344,36.37845993041992,38.70375442504883
2025-06-05,18.745283126831055,213.31008911132812,35.88376235961914,109.2781753540039,153.17626953125,52.536869049072266,36.426883697509766,38.64475631713867
2025-06-06,19.1140079498291,209.81637573242188,36.90829849243164,106.23606872558594,157.67063903808594,50.873687744140625,35.0418701171875,40.188575744628906
2025-06-09,20.509193420410156,194.67698669433594,37.07242202758789,105.8558120727539,158.0882568359375,50.775856018066406,35.13872528076172,40.031246185302734
2025-06-10,21.81468391418457,182.4490203857422,37.78860855102539,103.66929626464844,160.75303649902344,49.895347595214844,35.60362243652344,39.43141555786133
2025-06-11,21.56554412841797,184.3899688720703,37.400672912597656,104.85761260986328,159.420654296875,50.384517669677734,35.93292999267578,39.215087890625
2025-06-12,21.615373611450195,183.4194793701172,37.644378662109375,104.19214630126953,161.1110076904297,49.797515869140625,37.211402893066406,37.78926086425781
2025-06-13,19.971052169799805,197.39430236816406,36.22195816040039,108.18492126464844,155.67202758789062,51.65635681152344,36.029781341552734,38.92008972167969
2025-06-16,21.82465171813965,179.1494140625,37.6990852355957,103.7168197631836,160.11666870117188,50.18885040283203,35.09029769897461,40.02141571044922
2025-06-17,21.346302032470703,183.22540283203125,36.58502197265625,106.80646514892578,155.9405059814453,51.36286163330078,36.32034683227539,38.66442108154297
2025-06-18,21.5356502532959,181.47853088378906,36.53528594970703,106.94906616210938,155.7416534423828,51.55852508544922,36.397830963134766,38.487422943115234
2025-06-20,21.13702392578125,185.16635131835938,36.032962799072266,108.51765441894531,154.19049072265625,52.04769515991211,36.194435119628906,38.733253479003906
2025-06-23,21.50575065612793,181.86671447753906,37.152000427246094,105.14281463623047,159.0626983642578,50.384517669677734,36.601226806640625,38.38908767700195
2025-06-24,23.943044662475586,161.28614807128906,38.84298324584961,100.34199523925781,164.12506103515625,48.74967956542969,37.36594772338867,37.53032302856445
2025-06-25,24.572860717773438,156.99038696289062,39.141239166259766,99.60576629638672,164.4044647216797,48.65119934082031,37.444183349609375,37.46098709106445
2025-06-26,25.19268226623535,153.6709442138672,40.213531494140625,96.91111755371094,168.3262176513672,47.66635513305664,37.972251892089844,36.97563934326172
2025-06-27,25.102706909179688,153.86622619628906,40.60753631591797,95.94874572753906,170.57150268554688,46.87847900390625,37.27793502807617,37.6491813659668
2025-06-30,25.102706909179688,154.0614776611328,41.395545959472656,94.1683578491211,173.16604614257812,46.189090728759766,38.373199462890625,36.58933639526367
2025-07-01,24.702821731567383,156.2093505859375,40.34320068359375,96.57428741455078,172.86668395996094,46.38605880737305,38.598114013671875,36.34170913696289
2025-07-02,26.04243278503418,147.42257690429688,41.14617919921875,94.6014175415039,175.06207275390625,45.69667053222656,37.86468505859375,37.04497528076172
2025-07-03,26.42232322692871,145.46995544433594,42.29827117919922,92.05113220214844,179.03372192382812,44.711830139160156,37.13125228881836,37.81756591796875
2025-07-07,24.96274757385254,153.6709442138672,41.355648040771484,94.12023162841797,175.04212951660156,45.7951545715332,35.987091064453125,38.91703414916992
2025-07-08,26.362340927124023,145.27468872070312,41.41050720214844,93.97588348388672,174.7028350830078,45.893638610839844,35.850189208984375,39.13494110107422
2025-07-09,26.64225959777832,143.7126007080078,42.26834487915039,92.05113220214844,177.7464141845703,45.00727844238281,36.906333923339844,37.956241607666016
2025-07-10,27.362051010131836,139.41685485839844,42.07383728027344,92.43608093261719,179.26324462890625,44.61334228515625,36.98456573486328,37.84728240966797
2025-07-11,27.282073974609375,140.19790649414062,41.754642486572266,93.20597839355469,177.16763305664062,45.302734375,35.41990661621094,39.521240234375
2025-07-14,26.4923038482666,144.10311889648438,42.198524475097656,92.2917251586914,178.11566162109375,44.90879440307617,35.27322006225586,39.729248046875
2025-07-15,27.282073974609375,140.19790649414062,42.30824661254883,92.05113220214844,175.81048583984375,45.598182678222656,34.481109619140625,40.620704650878906
2025-07-16,27.02215003967285,140.97894287109375,42.42794418334961,91.76242065429688,177.48696899414062,45.20425033569336,34.569122314453125,40.472129821777344
2025-07-17,27.31206512451172,139.6121063232422,43.41545104980469,89.59707641601562,180.66029357910156,44.31789016723633,34.588680267333984,40.48202896118164
2025-07-18,27.32206153869629,139.807373046875,43.265830993652344,89.98202514648438,180.2212371826172,44.51485824584961,34.68647766113281,40.333457946777344
2025-07-21,27.49201202392578,139.22158813476562,43.924163818359375,88.63469696044922,181.1692352294922,44.21940994262695,35.5959358215332,39.342952728271484
2025-07-22,26.312355041503906,145.07943725585938,43.24089050292969,90.03014373779297,181.15924072265625,44.21940994262695,36.20223617553711,38.65950012207031
2025-07-23,25.772512435913086,147.61782836914062,43.80945587158203,88.87528991699219,185.74960327148438,43.136077880859375,35.605709075927734,39.23399353027344
2025-07-24,25.612560272216797,148.9846649169922,44.09872817993164,88.29786682128906,185.9791259765625,43.136077880859375,35.4296875,39.57076644897461
2025-07-25,25.592565536499023,149.37518310546875,44.34809494018555,87.81668090820312,188.03480529785156,42.64365768432617,36.045772552490234,38.83778762817383
2025-07-28,26.8721923828125,141.17420959472656,44.78200149536133,86.99866485595703,187.8950958251953,42.74214553833008,35.390567779541016,39.65000534057617
2025-07-29,27.02215003967285,140.5884246826172,44.5775146484375,87.43172454833984,186.36830139160156,43.03759765625,37.13125228881836,37.55012893676758
2025-07-30,27.60198211669922,137.85475158691406,44.73213195800781,87.09490203857422,185.66976928710938,43.23456573486328,36.39781951904297,38.35244369506836
2025-07-31,24.97274398803711,150.7420196533203,43.99399185180664,88.63469696044922,183.41452026367188,43.825469970703125,36.59339904785156,38.15434265136719
2025-08-01,24.07300567626953,156.40460205078125,41.355648040771484,93.9277572631836,174.28370666503906,45.893638610839844,38.128719329833984,36.549720764160156
2025-08-04,24.992738723754883,150.15623474121094,43.61993408203125,88.779052734375,182.14718627929688,44.022438049316406,38.33407974243164,36.36152267456055
2025-08-05,24.51287841796875,153.28042602539062,42.71222686767578,90.65568542480469,179.4528350830078,44.51485824584961,38.7154655456543,35.98513412475586
2025-08-06,23.9830322265625,156.79513549804688,44.308197021484375,87.2392578125,183.37460327148438,43.628501892089844,38.04071044921875,36.619056701660156
2025-08-07,24.992738723754883,149.57044982910156,44.75706481933594,86.37311553955078,183.04527282714844,43.726985931396484,37.92335891723633,36.75772476196289
2025-08-08,25.702531814575195,145.6652069091797,45.964019775390625,84.11154174804688,187.0069580078125,42.74214553833008,37.356170654296875,37.32231521606445
2025-08-11,25.602561950683594,146.25100708007812,45.56003952026367,84.97767639160156,185.8992919921875,43.136077880859375,37.43439865112305,37.262882232666016
2025-08-12,27.991867065429688,132.19215393066406,47.24079895019531,81.70559692382812,191.7469940185547,41.658817291259766,36.87699508666992,37.81756591796875
2025-08-13,29.261499404907227,126.52957916259766,47.31061935424805,81.60936737060547,193.71287536621094,41.2648811340332,37.825565338134766,36.86668014526367
2025-08-14,29.411455154418945,126.13904571533203,47.18095016479492,81.84996032714844,193.63304138183594,41.2648811340332,36.88677215576172,37.768043518066406
2025-08-15,27.362051010131836,134.92581176757812,46.512638092041016,83.10104370117188,192.21600341796875,41.658817291259766,36.10444259643555,38.59016418457031
2025-08-18,27.522005081176758,133.75425720214844,46.452789306640625,83.19728088378906,192.0264129638672,41.658817291259766,35.7915153503418,38.926937103271484
2025-08-19,26.232378005981445,140.00262451171875,44.55756378173828,86.61371612548828,188.8131866455078,42.34820556640625,36.407596588134766,38.23358154296875
2025-08-20,25.792505264282227,142.93154907226562,43.7446174621582,88.2016372680664,187.13668823242188,42.74214553833008,36.603179931640625,38.05529022216797
2025-08-21,25.34263801574707,145.27468872070312,43.13615417480469,89.45271301269531,184.85150146484375,43.33304977416992,36.06532669067383,38.639686584472656
2025-08-22,27.442028045654297,132.97320556640625,45.07625961303711,85.4107437133789,193.18399047851562,41.2648811340332,36.798763275146484,37.84728240966797
2025-08-25,27.292070388793945,133.9495086669922,44.6822509765625,86.228759765625,190.76905822753906,41.85578536987305,36.515167236328125,38.144432067871094
2025-08-26,27.931884765625,130.82533264160156,45.20094299316406,85.17015075683594,193.01434326171875,41.363365173339844,36.388038635253906,38.25339126586914
2025-08-27,28.171815872192383,129.84902954101562,45.40542984008789,84.83332824707031,194.25173950195312,41.06791305541992,36.24135208129883,38.46139907836914
2025-08-28,28.521713256835938,128.28692626953125,46.233341217041016,83.29352569580078,196.2575225830078,40.673973083496094,36.97478485107422,37.69871139526367
2025-08-29,26.032438278198242,139.41685485839844,44.567543029785156,86.37311553955078,192.60519409179688,41.46184539794922,36.11422348022461,38.6099739074707
2025-09-02,25.242666244506836,143.51734924316406,43.43041229248047,88.53845977783203,188.20445251464844,42.44668960571289,35.36123275756836,39.46181106567383
2025-09-03,24.90276527404785,145.8604736328125,44.4428596496582,86.56558990478516,191.1482696533203,41.757301330566406,36.45648956298828,38.15434265136719
2025-09-04,25.642549514770508,140.97894287109375,45.64482498168945,84.15966033935547,195.80845642089844,40.7724609375,37.25837707519531,37.282691955566406
2025-09-05,26.442317962646484,136.6831817626953,45.79444885253906,83.9671859741211,193.8126678466797,41.2648811340332,38.950164794921875,35.66816711425781
2025-09-08,27.072134017944336,133.75425720214844,46.44779968261719,82.76421356201172,195.53903198242188,40.870941162109375,40.46592330932617,34.29136276245117
2025-09-09,27.17210578918457,133.36373901367188,46.82684326171875,82.0905532836914,196.7465057373047,40.57549285888672,39.791168212890625,34.81633377075195
2025-09-10,28.591693878173828,126.33430480957031,46.87671661376953,82.04243469238281,198.49282836914062,40.18155288696289,40.51482009887695,34.24184036254883
2025-09-11,29.161527633666992,123.99117279052734,47.664730072021484,80.6469955444336,203.21290588378906,39.295196533203125,41.228694915771484,33.63762664794922
2025-09-12,29.291488647460938,123.21012115478516,48.25823211669922,79.68461608886719,202.92352294921875,39.295196533203125,40.72996139526367,34.093257904052734
2025-09-15,29.991287231445312,120.28119659423828,49.4901237487793,77.66362762451172,206.0469512939453,38.80277633666992,41.013553619384766,33.80601501464844
2025-09-16,30.471145629882812,117.93805694580078,49.35546112060547,77.90422058105469,205.1488494873047,38.90126037597656,41.21891784667969,33.67724609375
2025-09-17,30.461149215698242,118.32857513427734,49.041255950927734,78.43353271484375,204.4303436279297,39.19670867919922,40.90598678588867,33.92487716674805
2025-09-18,33.63022994995117,106.22235870361328,50.36292266845703,76.3163070678711,207.25442504882812,38.605804443359375,39.6738166809082,34.964908599853516
2025-09-19,33.01041030883789,107.9797134399414,51.36040496826172,74.82463073730469,209.9786834716797,38.01490020751953,39.419559478759766,35.22243881225586
2025-09-22,34.41999816894531,103.09817504882812,52.228214263916016,73.57353210449219,212.89256286621094,37.52247619628906,38.950164794921875,35.60873794555664
2025-09-23,34.29999923706055,103.80864715576172,51.17586898803711,75.06522369384766,209.33929443359375,38.18879699707031,39.73558807373047,34.880035400390625
2025-09-24,34.20000076293945,104.20335388183594,50.625732421875,75.91084289550781,207.3907928466797,38.487144470214844,39.27124786376953,35.28874588012695
2025-09-25,33.849998474121094,105.38748931884766,49.94679260253906,76.93732452392578,204.403076171875,39.08384323120117,39.2811279296875,35.31865310668945
2025-09-26,34.02000045776367,104.79541778564453,50.54585266113281,76.00860595703125,207.83045959472656,38.487144470214844,39.10329818725586,35.45820999145508
2025-09-29,34.02000045776367,104.79541778564453,51.21979904174805,74.98211669921875,209.47918701171875,38.18879699707031,40.051734924316406,34.64078903198242
2025-09-30,34.84000015258789,102.03245544433594,51.61917495727539,74.44444274902344,211.73744201660156,37.78105163574219,39.696067810058594,34.92987823486328
2025-10-01,36.86000061035156,96.70387268066406,52.3480339050293,73.36907958984375,213.97572326660156,37.38325119018555,40.01221466064453,34.700599670410156
2025-10-02,39.08000183105469,90.7832260131836,52.987030029296875,72.5381088256836,214.55528259277344,37.29374313354492,40.3184814453125,34.4414176940918
2025-10-03,38.22999954223633,92.5594253540039,52.26815414428711,73.5645980834961,214.35543823242188,37.343467712402344,40.0220947265625,34.710567474365234
2025-10-06,41.709999084472656,84.27051544189453,53.43632888793945,71.90267181396484,216.6936492919922,36.95561599731445,39.15269470214844,35.448246002197266
2025-10-07,38.83000183105469,89.79645538330078,52.57268142700195,73.07579803466797,214.2255401611328,37.37330627441406,39.76522445678711,34.90993881225586
2025-10-08,42.779998779296875,80.71813201904297,54.354888916015625,70.58290100097656,217.94268798828125,36.73682403564453,39.84426498413086,34.8301887512207
2025-10-09,42.2400016784668,81.70491027832031,54.14022445678711,70.87619018554688,216.0841064453125,37.074954986572266,39.804744720458984,34.87006378173828
2025-10-10,34.209999084472656,97.49329376220703,48.45912170410156,78.35485076904297,198.44766235351562,40.118125915527344,41.583065032958984,33.32493591308594
2025-10-13,39.13999938964844,83.08638763427734,51.53430938720703,73.41795349121094,207.41078186035156,38.288246154785156,41.57318878173828,33.31496810913086
2025-10-14,36.630001068115234,88.41497039794922,50.48594665527344,74.83547973632812,206.641357421875,38.447364807128906,41.9486083984375,32.966068267822266
2025-10-15,39.97999954223633,80.32342529296875,51.51932907104492,73.36907958984375,209.29933166503906,37.96005630493164,41.691741943359375,33.28506088256836
2025-10-16,40.56999969482422,79.3366470336914,50.94523239135742,74.15115356445312,204.98263549804688,38.73577117919922,42.590782165527344,32.50751495361328
2025-10-17,40.290000915527344,80.12606048583984,51.91371154785156,72.78250885009766,208.26011657714844,38.139068603515625,42.36355209350586,32.73678970336914
2025-10-20,42.2400016784668,76.17896270751953,53.86066436767578,70.04522705078125,214.62522888183594,36.97550582885742,42.81800842285156,32.348018646240234
2025-10-21,41.5099983215332,77.36309814453125,53.80075454711914,70.14299011230469,214.45535278320312,36.97550582885742,43.470062255859375,31.909399032592773
2025-10-22,38.38999938964844,82.88903045654297,52.21823501586914,72.29370880126953,211.13790893554688,37.57220458984375,43.608375549316406,31.83962059020996
2025-10-23,41.16999816894531,76.96839141845703,53.526187896728516,70.38739013671875,214.67518615722656,36.94567108154297,42.64017868041992,32.48757553100586
2025-10-24,43.13999938964844,73.41600036621094,55.19357681274414,68.23666381835938,219.83123779296875,36.09040069580078,42.620418548583984,32.54738998413086
2025-10-27,46.84000015258789,67.10064697265625,58.12398910522461,64.6195297241211,227.68521118164062,34.8074951171875,43.015602111816406,32.208457946777344
2025-10-28,46.959999084472656,66.9032974243164,59.451908111572266,63.15312576293945,229.37391662597656,34.538978576660156,43.34162521362305,31.94927406311035
2025-10-29,49.380001068115234,63.74561309814453,60.21072006225586,62.37104415893555,229.7236328125,34.51908874511719,42.05728530883789,32.9959716796875
2025-10-30,47.38999938964844,66.1138687133789,57.45503234863281,65.25497436523438,222.22938537597656,35.65281677246094,41.3558349609375,33.53427505493164
2025-10-31,47.779998779296875,65.52181243896484,58.268760681152344,64.32625579833984,224.0679931640625,35.354469299316406,40.9112548828125,33.84330368041992
2025-11-03,48.58000183105469,64.5350341796875,59.06751251220703,63.49528503417969,225.2970428466797,35.1655158996582,40.56547164916992,34.192203521728516
2025-11-04,42.79999923706055,72.03451538085938,55.45317077636719,67.40569305419922,217.3931121826172,36.438472747802734,40.86185836791992,33.942989349365234
2025-11-05,46.83000183105469,65.32444763183594,56.5314826965332,66.03705596923828,219.39157104492188,36.09040069580078,39.45895767211914,35.06943893432617
2025-11-06,43.0099983215332,70.45568084716797,53.361446380615234,69.80082702636719,212.1970977783203,37.263912200927734,40.535831451416016,34.14236068725586
2025-11-07,41.7400016784668,72.62657928466797,52.80731201171875,70.53402709960938,212.79664611816406,37.194297790527344,40.239444732666016,34.361671447753906
2025-11-10,44.959999084472656,67.10064697265625,56.26689529418945,65.89041900634766,222.48919677734375,35.47380828857422,40.1604118347168,34.481292724609375
2025-11-11,41.810001373291016,71.63980865478516,55.8026237487793,66.42809295654297,223.98805236816406,35.24507522583008,40.733421325683594,33.992828369140625
2025-11-12,43.709999084472656,68.67948150634766,55.68780517578125,66.62361907958984,224.3477783203125,35.20529556274414,40.980411529541016,33.803428649902344
2025-11-13,39.220001220703125,75.58690643310547,52.248191833496094,70.77842712402344,213.22630310058594,36.96555709838867,39.952938079833984,34.61088562011719
2025-11-14,38.86000061035156,76.17896270751953,52.288124084472656,70.63179016113281,212.95651245117188,37.03517532348633,39.24161148071289,35.28874588012695
2025-11-17,36.84000015258789,80.32342529296875,50.94523239135742,72.5381088256836,206.91116333007812,38.069454193115234,39.55775451660156,35.029563903808594
2025-11-18,34.349998474121094,85.84935760498047,49.10311508178711,75.17764282226562,201.77508544921875,39.03411865234375,39.4391975402832,35.129249572753906
2025-11-19,35.959999084472656,81.5075454711914,49.94679260253906,73.90675354003906,203.97341918945312,38.616432189941406,39.26137161254883,35.28874588012695
2025-11-20,30.809999465942383,93.1514892578125,46.37738037109375,79.10759735107422,194.5706329345703,40.406532287597656,39.696067810058594,34.93984603881836
2025-11-21,31.729999542236328,90.58587646484375,47.40576934814453,77.43589782714844,200.2762451171875,39.2330207824707,39.952938079833984,34.6507568359375
2025-11-24,35.86000061035156,78.54722595214844,51.000144958496094,71.52140808105469,209.01953125,37.5423698425293,40.63462829589844,34.08254623413086
2025-11-25,36.16999816894531,77.95516204833984,51.928688049316406,70.23096466064453,214.8050994873047,36.488197326660156,40.9112548828125,33.853271484375
2025-11-26,39.189998626708984,71.63980865478516,53.28656005859375,68.4028549194336,219.0718231201172,35.76221466064453,41.44475173950195,33.42462158203125
2025-11-28,41.2599983215332,67.69271087646484,54.454734802246094,66.87779998779297,222.55914306640625,35.215240478515625,40.80257797241211,33.95295715332031
2025-12-01,41.310001373291016,67.69271087646484,53.96549987792969,67.55233764648438,219.46151733398438,35.702545166015625,39.30088424682617,35.199031829833984
2025-12-02,43.79999923706055,63.54825973510742,55.21354675292969,65.98817443847656,220.55068969726562,35.543426513671875,39.37992477416992,35.17909240722656
2025-12-03,46.58000183105469,59.60116195678711,55.602935791015625,65.52870178222656,222.80894470214844,35.17546081542969,39.646671295166016,34.92987823486328
2025-12-04,45.15999984741211,61.574710845947266,55.423213958740234,65.75355529785156,223.37850952148438,35.10584259033203,39.03413772583008,35.4781494140625
2025-12-05,46.5,59.40380859375,56.062217712402344,65.00079345703125,224.35775756835938,34.96661376953125,38.45124435424805,36.0363883972168
2025-12-08,47.9900016784668,57.82496643066406,55.712764739990234,65.43093872070312,222.29934692382812,35.294803619384766,38.065940856933594,36.365352630615234
2025-12-09,47.790000915527344,57.82496643066406,55.92243576049805,65.19631958007812,221.59988403320312,35.384307861328125,38.125221252441406,36.305538177490234
2025-12-10,49.650001525878906,55.65406799316406,56.56143569946289,64.44356536865234,225.806640625,34.708045959472656,38.53028106689453,35.936702728271484
2025-12-11,48.790000915527344,56.64084243774414,56.022281646728516,65.0790023803711,227.3954315185547,34.47930908203125,38.41172790527344,36.02642059326172
2025-12-12,41.709999084472656,64.92974853515625,52.737422943115234,68.92098236083984,219.92115783691406,35.632930755615234,37.26569747924805,37.152870178222656
2025-12-15,41.18000030517578,65.91651916503906,51.93867492675781,69.98656463623047,218.89195251464844,35.81193923950195,37.34473419189453,37.06315231323242
2025-12-16,40.4900016784668,66.9032974243164,52.248191833496094,69.57597351074219,216.94345092773438,36.120235443115234,37.96714782714844,36.42516326904297
2025-12-17,36.0099983215332,74.20541381835938,49.32276916503906,73.45706176757812,209.56910705566406,37.343467712402344,37.85847091674805,36.56472396850586
2025-12-18,38.58000183105469,68.67948150634766,51.42947006225586,70.30917358398438,214.42538452148438,36.508087158203125,38.352447509765625,36.11613845825195
2025-12-19,41.720001220703125,63.35090255737305,53.43632888793945,67.57189178466797,220.02108764648438,35.543426513671875,37.78931427001953,36.624534606933594
2025-12-22,43.2599983215332,61.18000030517578,54.16518783569336,66.6822738647461,224.04800415039062,34.89699935913086,37.6510009765625,36.79399871826172
2025-12-23,43.70000076293945,60.20000076293945,54.92399597167969,65.73399353027344,227.10000610351562,34.43000030517578,37.83000183105469,36.61000061035156
2025-12-24,44.209999084472656,59.79999923706055,55.36000061035156,65.22000122070312,229.3800048828125,34.11000061035156,38.45000076293945,36.02000045776367
2025-12-26,44.209999084472656,59.79999923706055,55.310001373291016,65.33000183105469,229.1199951171875,34.150001525878906,38.06999969482422,36.400001525878906
2025-12-29,43.81999969482422,60.400001525878906,54.4900016784668,66.30000305175781,226.6199951171875,34.52000045776367,38.45000076293945,36.040000915527344
2025-12-30,43.66999816894531,60.599998474121094,54.099998474121094,66.77999877929688,225.63999938964844,34.65999984741211,38.209999084472656,36.22999954223633
2025-12-31,42.029998779296875,62.599998474121094,52.720001220703125,68.5,220.61000061035156,35.470001220703125,37.31999969482422,37.15999984741211
2026-01-02,47.2400016784668,55.0,52.349998474121094,68.97000122070312,221.63999938964844,35.31999969482422,37.099998474121094,37.349998474121094
2026-01-05,49.220001220703125,52.79999923706055,53.599998474121094,67.36000061035156,226.02999877929688,34.630001068115234,37.599998474121094,36.84000015258789
2026-01-06,54.0099983215332,47.599998474121094,55.0099983215332,65.61000061035156,230.0,34.02000045776367,37.369998931884766,37.040000915527344
2026-01-07,52.290000915527344,49.0,55.16999816894531,65.41999816894531,227.77000427246094,34.36000061035156,38.029998779296875,36.40999984741211
2026-01-08,49.650001525878906,51.400001525878906,54.189998626708984,66.58999633789062,227.5500030517578,34.38999938964844,37.41999816894531,37.0099983215332
2026-01-09,53.95000076293945,47.20000076293945,55.7599983215332,64.66999816894531,231.82000732421875,33.75,38.13999938964844,36.310001373291016
2026-01-12,54.650001525878906,46.400001525878906,55.88999938964844,64.51000213623047,232.9600067138672,33.599998474121094,37.790000915527344,36.63999938964844
2026-01-13,56.06999969482422,45.400001525878906,55.599998474121094,64.8499984741211,231.38999938964844,33.810001373291016,37.959999084472656,36.4900016784668
2026-01-14,55.380001068115234,45.599998474121094,53.83000183105469,66.94000244140625,228.00999450683594,34.33000183105469,38.619998931884766,35.869998931884766
2026-01-15,58.08000183105469,43.400001525878906,54.380001068115234,66.26000213623047,229.75999450683594,34.06999969482422,38.61000061035156,35.900001525878906
2026-01-16,60.75,41.79999923706055,54.13999938964844,66.58000183105469,228.91000366210938,34.220001220703125,37.880001068115234,36.56999969482422
2026-01-20,57.939998626708984,43.400001525878906,50.72999954223633,70.7699966430664,214.8699951171875,36.310001373291016,36.43000030517578,38.029998779296875
2026-01-21,63.47999954223633,39.400001525878906,52.72999954223633,67.97000122070312,222.13999938964844,35.060001373291016,37.2599983215332,37.16999816894531
2026-01-22,63.720001220703125,39.20000076293945,53.900001525878906,66.47000122070312,225.5,34.529998779296875,37.70000076293945,36.689998626708984
2026-01-23,61.599998474121094,40.400001525878906,54.380001068115234,65.91000366210938,225.60000610351562,34.540000915527344,37.93000030517578,36.4900016784668
2026-01-26,60.70000076293945,41.20000076293945,55.08000183105469,65.06999969482422,229.1300048828125,34.02000045776367,38.470001220703125,35.95000076293945
2026-01-27,64.95999908447266,38.20000076293945,56.540000915527344,63.33000183105469,231.89999389648438,33.61000061035156,37.7400016784668,36.619998931884766
2026-01-28,70.08999633789062,35.20000076293945,57.060001373291016,62.790000915527344,231.77999877929688,33.630001068115234,37.47999954223633,36.900001525878906
2026-01-29,70.47000122070312,35.20000076293945,56.040000915527344,63.880001068115234,230.13999938964844,33.86000061035156,37.5099983215332,36.869998931884766
2026-01-30,61.790000915527344,39.400001525878906,54.0,66.26000213623047,227.97000122070312,34.209999084472656,36.93000030517578,37.47999954223633
2026-02-02,65.19999694824219,37.0,55.099998474121094,64.91000366210938,231.3000030517578,33.689998626708984,36.56999969482422,37.880001068115234
2026-02-03,61.20000076293945,39.400001525878906,52.52000045776367,67.95999908447266,225.3300018310547,34.59000015258789,36.779998779296875,37.63999938964844
2026-02-04,53.189998626708984,44.599998474121094,49.7599983215332,71.48999786376953,221.9600067138672,35.09000015258789,36.4900016784668,37.900001525878906
2026-02-05,53.25,44.79999923706055,47.63999938964844,74.58000183105469,213.47000122070312,36.439998626708984,37.61000061035156,36.7400016784668
2026-02-06,61.75,37.400001525878906,50.59000015258789,69.98999786376953,225.8000030517578,34.36000061035156,37.65999984741211,36.70000076293945
2026-02-09,64.02999877929688,36.20000076293945,51.7400016784668,68.41000366210938,228.97000122070312,33.88999938964844,37.65999984741211,36.720001220703125
2026-02-10,63.34000015258789,36.400001525878906,51.02000045776367,69.37999725341797,226.97999572753906,34.16999816894531,38.959999084472656,35.439998626708984
2026-02-11,68.05000305175781,33.599998474121094,51.400001525878906,68.87999725341797,226.8699951171875,34.20000076293945,38.29999923706055,36.040000915527344
2026-02-12,63.099998474121094,36.20000076293945,48.2599983215332,73.0999984741211,216.3300018310547,35.810001373291016,39.86000061035156,34.59000015258789
2026-02-13,64.58999633789062,35.20000076293945,48.470001220703125,72.7300033569336,216.41000366210938,35.79999923706055,40.41999816894531,34.130001068115234
2026-02-17,64.3499984741211,35.400001525878906,48.349998474121094,72.95999908447266,217.4600067138672,35.630001068115234,40.709999084472656,33.939998626708984
2026-02-18,66.29000091552734,34.20000076293945,49.38999938964844,71.4000015258789,220.74000549316406,35.099998474121094,40.20000076293945,34.34000015258789
2026-02-19,65.2300033569336,35.0,48.83000183105469,72.20999908447266,218.92999267578125,35.369998931884766,40.33000183105469,34.209999084472656
2026-02-20,67.11000061035156,34.0,50.060001373291016,70.37000274658203,223.44000244140625,34.66999816894531,40.0099983215332,34.5099983215332
2026-02-23,65.86000061035156,34.79999923706055,48.2400016784668,72.95999908447266,216.6199951171875,35.72999954223633,40.41999816894531,34.15999984741211
2026-02-24,68.52999877929688,33.20000076293945,49.779998779296875,70.66000366210938,221.30999755859375,34.959999084472656,40.560001373291016,34.0
2026-02-25,71.86000061035156,31.799999237060547,51.869998931884766,67.63999938964844,226.74000549316406,34.099998474121094,40.61000061035156,34.0099983215332
2026-02-26,65.33999633789062,34.400001525878906,50.04999923706055,70.06999969482422,222.9499969482422,34.66999816894531,41.11000061035156,33.59000015258789
2026-02-27,62.77000045776367,35.79999923706055,49.52000045776367,70.8499984741211,219.72999572753906,35.20000076293945,41.77000045776367,33.119998931884766
2026-03-02,62.7599983215332,35.79999923706055,49.70000076293945,70.58999633789062,219.80999755859375,35.189998626708984,40.529998779296875,34.040000915527344
2026-03-03,53.41999816894531,41.20000076293945,48.099998474121094,72.87000274658203,213.94000244140625,36.13999938964844,40.29999923706055,34.2599983215332
2026-03-04,56.619998931884766,38.599998474121094,50.2599983215332,69.62000274658203,218.35000610351562,35.380001068115234,39.900001525878906,34.59000015258789
2026-03-05,54.79999923706055,40.09000015258789,49.79999923706055,70.26000213623047,214.88999938964844,35.970001220703125,39.45000076293945,35.0
2026-03-06,47.88999938964844,45.16999816894531,47.540000915527344,73.45999908447266,206.1699981689453,37.43000030517578,38.959999084472656,35.41999816894531
2026-03-09,53.31999969482422,39.779998779296875,49.38999938964844,70.5999984741211,211.52999877929688,36.459999084472656,39.90999984741211,34.59000015258789
2026-03-10,54.59000015258789,38.81999969482422,49.400001525878906,70.58999633789062,210.30999755859375,36.68000030517578,38.709999084472656,35.63999938964844
2026-03-11,56.09000015258789,37.72999954223633,49.349998474121094,70.6500015258789,209.5399932861328,36.81999969482422,37.189998626708984,37.0099983215332
2026-03-12,50.279998779296875,41.75,46.83000183105469,74.33000183105469,199.91000366210938,38.5099983215332,36.970001220703125,37.279998779296875
2026-03-13,50.720001220703125,41.29999923706055,45.93000030517578,75.73999786376953,196.35000610351562,39.209999084472656,36.400001525878906,37.86000061035156
2026-03-16,53.689998626708984,38.86000061035156,47.459999084472656,73.20999908447266,202.25999450683594,38.040000915527344,37.15999984741211,37.02000045776367
2026-03-17,54.95000076293945,38.06999969482422,48.15999984741211,72.1500015258789,203.85000610351562,37.75,37.52000045776367,36.70000076293945
2026-03-18,54.02000045776367,38.70000076293945,46.099998474121094,75.20999908447266,195.33999633789062,39.34000015258789,36.86000061035156,37.369998931884766
2026-03-19,54.849998474121094,38.11000061035156,45.689998626708984,75.91000366210938,193.75,39.65999984741211,37.5099983215332,36.66999816894531
